nation,country_code,confederation,group,announce_type,announced_date,manager,espn_player_id,display_name,normalized_name,position_bucket,club,birth_date,birth_year,wiki_dob_match,as_of_date,source_date
Algeria,ALG,CAF,GROUP J,final,May 31,Vladimir Petkovic,,Luca Zidane,luca zidane,GK,Granada,,,False,2026-06-11,2026-06-11
Algeria,ALG,CAF,GROUP J,final,May 31,Vladimir Petkovic,,Melvin Masstil,melvin masstil,GK,Stade Nyonnaise,,,False,2026-06-11,2026-06-11
Algeria,ALG,CAF,GROUP J,final,May 31,Vladimir Petkovic,,Oussama Benbot,oussama benbot,GK,USM Alger,,,False,2026-06-11,2026-06-11
Algeria,ALG,CAF,GROUP J,final,May 31,Vladimir Petkovic,,Achraf Abada,achraf abada,DF,USM Alger,,,False,2026-06-11,2026-06-11
Algeria,ALG,CAF,GROUP J,final,May 31,Vladimir Petkovic,,Aissa Mandi,aissa mandi,DF,Lille,,,False,2026-06-11,2026-06-11
Algeria,ALG,CAF,GROUP J,final,May 31,Vladimir Petkovic,,Jaouen Hadjam,jaouen hadjam,DF,Young Boys,,,False,2026-06-11,2026-06-11
Algeria,ALG,CAF,GROUP J,final,May 31,Vladimir Petkovic,,Mohamed Amine Tougai,mohamed amine tougai,DF,Esperance,,,False,2026-06-11,2026-06-11
Algeria,ALG,CAF,GROUP J,final,May 31,Vladimir Petkovic,,Rafik Belghali,rafik belghali,DF,Verona,,,False,2026-06-11,2026-06-11
Algeria,ALG,CAF,GROUP J,final,May 31,Vladimir Petkovic,,Ramy Bensebaini,ramy bensebaini,DF,Borussia Dortmund,,,False,2026-06-11,2026-06-11
Algeria,ALG,CAF,GROUP J,final,May 31,Vladimir Petkovic,,Rayan Ait Nouri,rayan ait nouri,DF,Manchester City,,,False,2026-06-11,2026-06-11
Algeria,ALG,CAF,GROUP J,final,May 31,Vladimir Petkovic,,Samir Chergui,samir chergui,DF,Paris FC,,,False,2026-06-11,2026-06-11
Algeria,ALG,CAF,GROUP J,final,May 31,Vladimir Petkovic,,Zinedine Belaid,zinedine belaid,DF,JS Kabylie,,,False,2026-06-11,2026-06-11
Algeria,ALG,CAF,GROUP J,final,May 31,Vladimir Petkovic,,Fares Chaibi,fares chaibi,MF,Eintracht Frankfurt,,,False,2026-06-11,2026-06-11
Algeria,ALG,CAF,GROUP J,final,May 31,Vladimir Petkovic,,Hicham Boudaoui,hicham boudaoui,MF,Nice,,,False,2026-06-11,2026-06-11
Algeria,ALG,CAF,GROUP J,final,May 31,Vladimir Petkovic,,Houssem Aouar,houssem aouar,MF,Al Ittihad,,,False,2026-06-11,2026-06-11
Algeria,ALG,CAF,GROUP J,final,May 31,Vladimir Petkovic,,Ibrahim Maza,ibrahim maza,MF,Bayer Leverkusen,,,False,2026-06-11,2026-06-11
Algeria,ALG,CAF,GROUP J,final,May 31,Vladimir Petkovic,,Nabil Bentaleb,nabil bentaleb,MF,Lille,,,False,2026-06-11,2026-06-11
Algeria,ALG,CAF,GROUP J,final,May 31,Vladimir Petkovic,,Ramiz Zerrouki,ramiz zerrouki,MF,FC Twente,,,False,2026-06-11,2026-06-11
Algeria,ALG,CAF,GROUP J,final,May 31,Vladimir Petkovic,,Yassine Titraoui,yassine titraoui,MF,Charleroi,,,False,2026-06-11,2026-06-11
Algeria,ALG,CAF,GROUP J,final,May 31,Vladimir Petkovic,,Adil Boulbina,adil boulbina,FW,Al Duhail,,,False,2026-06-11,2026-06-11
Algeria,ALG,CAF,GROUP J,final,May 31,Vladimir Petkovic,,Amine Gouiri,amine gouiri,FW,Marseille,,,False,2026-06-11,2026-06-11
Algeria,ALG,CAF,GROUP J,final,May 31,Vladimir Petkovic,,Anis Hadj Moussa,anis hadj moussa,FW,Feyenoord,,,False,2026-06-11,2026-06-11
Algeria,ALG,CAF,GROUP J,final,May 31,Vladimir Petkovic,,Fares Ghedjemis,fares ghedjemis,FW,Frosinone,,,False,2026-06-11,2026-06-11
Algeria,ALG,CAF,GROUP J,final,May 31,Vladimir Petkovic,,Mohamed Amine Amoura,mohamed amine amoura,FW,VfL Wolfsburg,,,False,2026-06-11,2026-06-11
Algeria,ALG,CAF,GROUP J,final,May 31,Vladimir Petkovic,,Nadir Benbouali,nadir benbouali,FW,Győri ETO,,,False,2026-06-11,2026-06-11
Algeria,ALG,CAF,GROUP J,final,May 31,Vladimir Petkovic,,Riyad Mahrez,riyad mahrez,FW,Al Ahli,,,False,2026-06-11,2026-06-11
Argentina,ARG,CONMEBOL,GROUP J,,,Lionel Scaloni,158626,Emiliano Martínez,emiliano martinez,GK,Aston Villa,,,False,2026-06-11,2026-06-11
Argentina,ARG,CONMEBOL,GROUP J,,,Lionel Scaloni,167192,Gerónimo Rulli,geronimo rulli,GK,Marseille,,,False,2026-06-11,2026-06-11
Argentina,ARG,CONMEBOL,GROUP J,,,Lionel Scaloni,177927,Juan Musso,juan musso,GK,Atlético Madrid,,,False,2026-06-11,2026-06-11
Argentina,ARG,CONMEBOL,GROUP J,,,Lionel Scaloni,119289,Nicolás Otamendi,nicolas otamendi,DF,Benfica,,,False,2026-06-11,2026-06-11
Argentina,ARG,CONMEBOL,GROUP J,,,Lionel Scaloni,145190,Nicolás Tagliafico,nicolas tagliafico,DF,Lyon,,,False,2026-06-11,2026-06-11
Argentina,ARG,CONMEBOL,GROUP J,,,Lionel Scaloni,164826,Nahuel Molina,nahuel molina,DF,Atlético Madrid,,,False,2026-06-11,2026-06-11
Argentina,ARG,CONMEBOL,GROUP J,,,Lionel Scaloni,228262,Gonzalo Montiel,gonzalo montiel,DF,River Plate,,,False,2026-06-11,2026-06-11
Argentina,ARG,CONMEBOL,GROUP J,,,Lionel Scaloni,233937,Lisandro Martínez,lisandro martinez,DF,Manchester United,,,False,2026-06-11,2026-06-11
Argentina,ARG,CONMEBOL,GROUP J,,,Lionel Scaloni,249663,Facundo Medina,facundo medina,DF,Marseille,,,False,2026-06-11,2026-06-11
Argentina,ARG,CONMEBOL,GROUP J,,,Lionel Scaloni,271555,Leonardo Balerdi,leonardo balerdi,DF,Marseille,,,False,2026-06-11,2026-06-11
Argentina,ARG,CONMEBOL,GROUP J,,,Lionel Scaloni,96970,Cristian Romero,cristian romero,DF,Tottenham,,,False,2026-06-11,2026-06-11
Argentina,ARG,CONMEBOL,GROUP J,,,Lionel Scaloni,153115,Leandro Paredes,leandro paredes,MF,Boca Juniors,,,False,2026-06-11,2026-06-11
Argentina,ARG,CONMEBOL,GROUP J,,,Lionel Scaloni,174466,Rodrigo De Paul,rodrigo de paul,MF,Inter Miami,,,False,2026-06-11,2026-06-11
Argentina,ARG,CONMEBOL,GROUP J,,,Lionel Scaloni,207343,Giovani Lo Celso,giovani lo celso,MF,Real Betis,,,False,2026-06-11,2026-06-11
Argentina,ARG,CONMEBOL,GROUP J,,,Lionel Scaloni,228393,Exequiel Palacios,exequiel palacios,MF,Bayer Leverkusen,,,False,2026-06-11,2026-06-11
Argentina,ARG,CONMEBOL,GROUP J,,,Lionel Scaloni,249299,Alexis Mac Allister,alexis mac allister,MF,Liverpool,,,False,2026-06-11,2026-06-11
Argentina,ARG,CONMEBOL,GROUP J,,,Lionel Scaloni,285450,Enzo Fernández,enzo fernandez,MF,Chelsea,,,False,2026-06-11,2026-06-11
Argentina,ARG,CONMEBOL,GROUP J,,,Lionel Scaloni,320760,Valentín Barco,valentin barco,MF,Strasbourg,,,False,2026-06-11,2026-06-11
Argentina,ARG,CONMEBOL,GROUP J,,,Lionel Scaloni,219713,Lautaro Martínez,lautaro martinez,FW,Internazionale,,,False,2026-06-11,2026-06-11
Argentina,ARG,CONMEBOL,GROUP J,,,Lionel Scaloni,277206,Julián Álvarez,julian alvarez,FW,Atlético Madrid,,,False,2026-06-11,2026-06-11
Argentina,ARG,CONMEBOL,GROUP J,,,Lionel Scaloni,277208,Thiago Almada,thiago almada,FW,Atlético Madrid,,,False,2026-06-11,2026-06-11
Argentina,ARG,CONMEBOL,GROUP J,,,Lionel Scaloni,311743,Jose Manuel López,jose manuel lopez,FW,Palmeiras,,,False,2026-06-11,2026-06-11
Argentina,ARG,CONMEBOL,GROUP J,,,Lionel Scaloni,323838,Giuliano Simeone,giuliano simeone,FW,Atlético Madrid,,,False,2026-06-11,2026-06-11
Argentina,ARG,CONMEBOL,GROUP J,,,Lionel Scaloni,337970,Nico Paz,nico paz,FW,Como,,,False,2026-06-11,2026-06-11
Argentina,ARG,CONMEBOL,GROUP J,,,Lionel Scaloni,45843,Lionel Messi,lionel messi,FW,Inter Miami,,,False,2026-06-11,2026-06-11
Argentina,ARG,CONMEBOL,GROUP J,,,Lionel Scaloni,76017,Nicolás González,nicolas gonzalez,FW,Atletico Madrid,,,False,2026-06-11,2026-06-11
Australia,AUS,AFC,GROUP D,,,Tony Popovic,141438,Mathew Ryan,mathew ryan,GK,Levante,,,False,2026-06-11,2026-06-11
Australia,AUS,AFC,GROUP D,,,Tony Popovic,159494,Paul Izzo,paul izzo,GK,Randers FC,,,False,2026-06-11,2026-06-11
Australia,AUS,AFC,GROUP D,,,Tony Popovic,335240,Patrick Beach,patrick beach,GK,Melbourne City,,,False,2026-06-11,2026-06-11
Australia,AUS,AFC,GROUP D,,,Tony Popovic,159502,Milos Degenek,milos degenek,DF,Apoel Nicosia,,,False,2026-06-11,2026-06-11
Australia,AUS,AFC,GROUP D,,,Tony Popovic,172137,Jason Geria,jason geria,DF,Albirex Niigata,,,False,2026-06-11,2026-06-11
Australia,AUS,AFC,GROUP D,,,Tony Popovic,200414,Aziz Behich,aziz behich,DF,Melbourne City,,,False,2026-06-11,2026-06-11
Australia,AUS,AFC,GROUP D,,,Tony Popovic,207350,Cameron Burgess,cameron burgess,DF,Swansea City,,,False,2026-06-11,2026-06-11
Australia,AUS,AFC,GROUP D,,,Tony Popovic,207461,Harry Souttar,harry souttar,DF,Leicester City,,,False,2026-06-11,2026-06-11
Australia,AUS,AFC,GROUP D,,,Tony Popovic,267053,Jacob Italiano,jacob italiano,DF,Grazer AK,,,False,2026-06-11,2026-06-11
Australia,AUS,AFC,GROUP D,,,Tony Popovic,291697,Kai Trewin,kai trewin,DF,New York City FC,,,False,2026-06-11,2026-06-11
Australia,AUS,AFC,GROUP D,,,Tony Popovic,328541,Jordan Bos,jordan bos,DF,Feyenoord Rotterdam,,,False,2026-06-11,2026-06-11
Australia,AUS,AFC,GROUP D,,,Tony Popovic,332081,Alessandro Circati,alessandro circati,DF,Parma,,,False,2026-06-11,2026-06-11
Australia,AUS,AFC,GROUP D,,,Tony Popovic,392320,Lucas Herrington,lucas herrington,DF,Colorado Rapids,,,False,2026-06-11,2026-06-11
Australia,AUS,AFC,GROUP D,,,Tony Popovic,178071,Jackson Irvine,jackson irvine,MF,St. Pauli,,,False,2026-06-11,2026-06-11
Australia,AUS,AFC,GROUP D,,,Tony Popovic,241031,Aiden O'Neill,aiden o neill,MF,New York City FC,,,False,2026-06-11,2026-06-11
Australia,AUS,AFC,GROUP D,,,Tony Popovic,276917,Cameron Devlin,cameron devlin,MF,Heart of Midlothian,,,False,2026-06-11,2026-06-11
Australia,AUS,AFC,GROUP D,,,Tony Popovic,403528,Paul Okon Jr,paul okon jr,MF,Sydney FC,,,False,2026-06-11,2026-06-11
Australia,AUS,AFC,GROUP D,,,Tony Popovic,140994,Mathew Leckie,mathew leckie,FW,Melbourne City,,,False,2026-06-11,2026-06-11
Australia,AUS,AFC,GROUP D,,,Tony Popovic,181707,Awer Mabil,awer mabil,FW,Castellón,,,False,2026-06-11,2026-06-11
Australia,AUS,AFC,GROUP D,,,Tony Popovic,227289,Ajdin Hrustic,ajdin hrustic,FW,Heracles Almelo,,,False,2026-06-11,2026-06-11
Australia,AUS,AFC,GROUP D,,,Tony Popovic,260643,Connor Metcalfe,connor metcalfe,FW,St. Pauli,,,False,2026-06-11,2026-06-11
Australia,AUS,AFC,GROUP D,,,Tony Popovic,302688,Mohamed Toure,mohamed toure,FW,Norwich City,,,False,2026-06-11,2026-06-11
Australia,AUS,AFC,GROUP D,,,Tony Popovic,312261,Tete Yengi,tete yengi,FW,Machida Zelvia,,,False,2026-06-11,2026-06-11
Australia,AUS,AFC,GROUP D,,,Tony Popovic,318429,Nishan Velupillay,nishan velupillay,FW,Melbourne Victory,,,False,2026-06-11,2026-06-11
Australia,AUS,AFC,GROUP D,,,Tony Popovic,328535,Nestory Irankunda,nestory irankunda,FW,Watford,,,False,2026-06-11,2026-06-11
Australia,AUS,AFC,GROUP D,,,Tony Popovic,330259,Cristian Volpato,cristian volpato,FW,Sassuolo,,,False,2026-06-11,2026-06-11
Austria,AUT,UEFA,GROUP J,final,May 18,Ralf Rangnick,,Alexander Schlager,alexander schlager,GK,RB Salzburg,,,False,2026-06-11,2026-06-11
Austria,AUT,UEFA,GROUP J,final,May 18,Ralf Rangnick,,Florian Wiegele,florian wiegele,GK,Viktoria Plzen,,,False,2026-06-11,2026-06-11
Austria,AUT,UEFA,GROUP J,final,May 18,Ralf Rangnick,,Patrick Pentz,patrick pentz,GK,Brondby,,,False,2026-06-11,2026-06-11
Austria,AUT,UEFA,GROUP J,final,May 18,Ralf Rangnick,,Alexander Prass,alexander prass,DF,TSG Hoffenheim,,,False,2026-06-11,2026-06-11
Austria,AUT,UEFA,GROUP J,final,May 18,Ralf Rangnick,,David Affengruber,david affengruber,DF,Elche,,,False,2026-06-11,2026-06-11
Austria,AUT,UEFA,GROUP J,final,May 18,Ralf Rangnick,,David Alaba,david alaba,DF,Real Madrid,,,False,2026-06-11,2026-06-11
Austria,AUT,UEFA,GROUP J,final,May 18,Ralf Rangnick,,Kevin Danso,kevin danso,DF,Tottehham,,,False,2026-06-11,2026-06-11
Austria,AUT,UEFA,GROUP J,final,May 18,Ralf Rangnick,,Marco Friedl,marco friedl,DF,Werder Bremen,,,False,2026-06-11,2026-06-11
Austria,AUT,UEFA,GROUP J,final,May 18,Ralf Rangnick,,Michael Svoboda,michael svoboda,DF,Venezia,,,False,2026-06-11,2026-06-11
Austria,AUT,UEFA,GROUP J,final,May 18,Ralf Rangnick,,Philipp Lienhart,philipp lienhart,DF,SC Freiburg,,,False,2026-06-11,2026-06-11
Austria,AUT,UEFA,GROUP J,final,May 18,Ralf Rangnick,,Philipp Mwene,philipp mwene,DF,Mainz 05,,,False,2026-06-11,2026-06-11
Austria,AUT,UEFA,GROUP J,final,May 18,Ralf Rangnick,,Stefan Posch,stefan posch,DF,Mainz 05,,,False,2026-06-11,2026-06-11
Austria,AUT,UEFA,GROUP J,final,May 18,Ralf Rangnick,,Alessandro Schopf,alessandro schopf,MF,Wolfsberger AC,,,False,2026-06-11,2026-06-11
Austria,AUT,UEFA,GROUP J,final,May 18,Ralf Rangnick,,Carney Chukwuemeka,carney chukwuemeka,MF,Borussia Dortmund,,,False,2026-06-11,2026-06-11
Austria,AUT,UEFA,GROUP J,final,May 18,Ralf Rangnick,,Christoph Baumgartner,christoph baumgartner,MF,RB Leipzig,,,False,2026-06-11,2026-06-11
Austria,AUT,UEFA,GROUP J,final,May 18,Ralf Rangnick,,Florian Grillitsch,florian grillitsch,MF,Braga,,,False,2026-06-11,2026-06-11
Austria,AUT,UEFA,GROUP J,final,May 18,Ralf Rangnick,,Konrad Laimer,konrad laimer,MF,Bayern Munich,,,False,2026-06-11,2026-06-11
Austria,AUT,UEFA,GROUP J,final,May 18,Ralf Rangnick,,Marcel Sabitzer,marcel sabitzer,MF,Borussia Dortmund,,,False,2026-06-11,2026-06-11
Austria,AUT,UEFA,GROUP J,final,May 18,Ralf Rangnick,,Nicolas Seiwald,nicolas seiwald,MF,RB Leipzig,,,False,2026-06-11,2026-06-11
Austria,AUT,UEFA,GROUP J,final,May 18,Ralf Rangnick,,Patrick Wimmer,patrick wimmer,MF,Wolfsburg,,,False,2026-06-11,2026-06-11
Austria,AUT,UEFA,GROUP J,final,May 18,Ralf Rangnick,,Paul Wanner,paul wanner,MF,PSV Eindhoven,,,False,2026-06-11,2026-06-11
Austria,AUT,UEFA,GROUP J,final,May 18,Ralf Rangnick,,Romano Schmid,romano schmid,MF,Werder Bremen,,,False,2026-06-11,2026-06-11
Austria,AUT,UEFA,GROUP J,final,May 18,Ralf Rangnick,,Xaver Schlager,xaver schlager,MF,RB Leipzig,,,False,2026-06-11,2026-06-11
Austria,AUT,UEFA,GROUP J,final,May 18,Ralf Rangnick,,Marko Arnautovic,marko arnautovic,FW,Red Star Belgrade,,,False,2026-06-11,2026-06-11
Austria,AUT,UEFA,GROUP J,final,May 18,Ralf Rangnick,,Michael Gregoritsch,michael gregoritsch,FW,FC Augsburg,,,False,2026-06-11,2026-06-11
Austria,AUT,UEFA,GROUP J,final,May 18,Ralf Rangnick,,Sasa Kalajdzic,sasa kalajdzic,FW,LASK Linz,,,False,2026-06-11,2026-06-11
Belgium,BEL,UEFA,GROUP G,final,May 15,Rudi Garcia,134283,Thibaut Courtois,thibaut courtois,GK,Real Madrid,,,False,2026-06-11,2026-06-11
Belgium,BEL,UEFA,GROUP G,final,May 15,Rudi Garcia,301425,Senne Lammens,senne lammens,GK,Manchester United,,,False,2026-06-11,2026-06-11
Belgium,BEL,UEFA,GROUP G,final,May 15,Rudi Garcia,332343,Mike Penders,mike penders,GK,Chelsea,,,False,2026-06-11,2026-06-11
Belgium,BEL,UEFA,GROUP G,final,May 15,Rudi Garcia,166473,Thomas Meunier,thomas meunier,DF,Lille,,,False,2026-06-11,2026-06-11
Belgium,BEL,UEFA,GROUP G,final,May 15,Rudi Garcia,191222,Brandon Mechele,brandon mechele,DF,Club Brugge,,,False,2026-06-11,2026-06-11
Belgium,BEL,UEFA,GROUP G,final,May 15,Rudi Garcia,197163,Timothy Castagne,timothy castagne,DF,Fulham,,,False,2026-06-11,2026-06-11
Belgium,BEL,UEFA,GROUP G,final,May 15,Rudi Garcia,301327,Maxim De Cuyper,maxim de cuyper,DF,Brighton & Hove Albion,,,False,2026-06-11,2026-06-11
Belgium,BEL,UEFA,GROUP G,final,May 15,Rudi Garcia,304222,Arthur Theate,arthur theate,DF,Eintracht Frankfurt,,,False,2026-06-11,2026-06-11
Belgium,BEL,UEFA,GROUP G,final,May 15,Rudi Garcia,309570,Koni De Winter,koni de winter,DF,AC Milan,,,False,2026-06-11,2026-06-11
Belgium,BEL,UEFA,GROUP G,final,May 15,Rudi Garcia,314473,Zeno Debast,zeno debast,DF,Sporting CP,,,False,2026-06-11,2026-06-11
Belgium,BEL,UEFA,GROUP G,final,May 15,Rudi Garcia,318577,Nathan Ngoy,nathan ngoy,DF,Lille,,,False,2026-06-11,2026-06-11
Belgium,BEL,UEFA,GROUP G,final,May 15,Rudi Garcia,363068,Joaquin Seys,joaquin seys,DF,Club Brugge,,,False,2026-06-11,2026-06-11
Belgium,BEL,UEFA,GROUP G,final,May 15,Rudi Garcia,134947,Kevin De Bruyne,kevin de bruyne,MF,Napoli,,,False,2026-06-11,2026-06-11
Belgium,BEL,UEFA,GROUP G,final,May 15,Rudi Garcia,164895,Axel Witsel,axel witsel,MF,Girona,,,False,2026-06-11,2026-06-11
Belgium,BEL,UEFA,GROUP G,final,May 15,Rudi Garcia,193297,Youri Tielemans,youri tielemans,MF,Aston Villa,,,False,2026-06-11,2026-06-11
Belgium,BEL,UEFA,GROUP G,final,May 15,Rudi Garcia,193849,Hans Vanaken,hans vanaken,MF,Club Brugge,,,False,2026-06-11,2026-06-11
Belgium,BEL,UEFA,GROUP G,final,May 15,Rudi Garcia,260027,Nicolas Raskin,nicolas raskin,MF,Rangers,,,False,2026-06-11,2026-06-11
Belgium,BEL,UEFA,GROUP G,final,May 15,Rudi Garcia,304799,Amadou Onana,amadou onana,MF,Aston Villa,,,False,2026-06-11,2026-06-11
Belgium,BEL,UEFA,GROUP G,final,May 15,Rudi Garcia,139437,Romelu Lukaku,romelu lukaku,FW,Napoli,,,False,2026-06-11,2026-06-11
Belgium,BEL,UEFA,GROUP G,final,May 15,Rudi Garcia,174980,Leandro Trossard,leandro trossard,FW,Arsenal,,,False,2026-06-11,2026-06-11
Belgium,BEL,UEFA,GROUP G,final,May 15,Rudi Garcia,229443,Dodi Lukebakio,dodi lukebakio,FW,Benfica,,,False,2026-06-11,2026-06-11
Belgium,BEL,UEFA,GROUP G,final,May 15,Rudi Garcia,271132,Alexis Saelemaekers,alexis saelemaekers,FW,AC Milan,,,False,2026-06-11,2026-06-11
Belgium,BEL,UEFA,GROUP G,final,May 15,Rudi Garcia,283672,Jérémy Doku,jeremy doku,FW,Manchester City,,,False,2026-06-11,2026-06-11
Belgium,BEL,UEFA,GROUP G,final,May 15,Rudi Garcia,296319,Charles De Ketelaere,charles de ketelaere,FW,Atalanta,,,False,2026-06-11,2026-06-11
Belgium,BEL,UEFA,GROUP G,final,May 15,Rudi Garcia,340678,Diego Moreira,diego moreira,FW,Strasbourg,,,False,2026-06-11,2026-06-11
Belgium,BEL,UEFA,GROUP G,final,May 15,Rudi Garcia,359651,Matias Fernandez-Pardo,matias fernandez-pardo,FW,Lille,,,False,2026-06-11,2026-06-11
Bosnia-Herzegovina,BIH,UEFA,GROUP B,final,May 11,Sergej Barbarez,,Martin Zlomislic,martin zlomislic,GK,Rijeka,,,False,2026-06-11,2026-06-11
Bosnia-Herzegovina,BIH,UEFA,GROUP B,final,May 11,Sergej Barbarez,,Nikola Vasilj,nikola vasilj,GK,St Pauli,,,False,2026-06-11,2026-06-11
Bosnia-Herzegovina,BIH,UEFA,GROUP B,final,May 11,Sergej Barbarez,,Osman Hadzikic,osman hadzikic,GK,Slaven Belupo,,,False,2026-06-11,2026-06-11
Bosnia-Herzegovina,BIH,UEFA,GROUP B,final,May 11,Sergej Barbarez,170553,Sead Kolasinac,sead kolasinac,DF,Atalanta,,,False,2026-06-11,2026-06-11
Bosnia-Herzegovina,BIH,UEFA,GROUP B,final,May 11,Sergej Barbarez,246836,Dennis Hadzikadunic,dennis hadzikadunic,DF,Sampdoria,,,False,2026-06-11,2026-06-11
Bosnia-Herzegovina,BIH,UEFA,GROUP B,final,May 11,Sergej Barbarez,308979,Amar Dedic,amar dedic,DF,Benfica,,,False,2026-06-11,2026-06-11
Bosnia-Herzegovina,BIH,UEFA,GROUP B,final,May 11,Sergej Barbarez,318390,Tarik Muharemovic,tarik muharemovic,DF,Sassuolo,,,False,2026-06-11,2026-06-11
Bosnia-Herzegovina,BIH,UEFA,GROUP B,final,May 11,Sergej Barbarez,387044,Nidal Celik,nidal celik,DF,Lens,,,False,2026-06-11,2026-06-11
Bosnia-Herzegovina,BIH,UEFA,GROUP B,final,May 11,Sergej Barbarez,,Nihad Mujakic,nihad mujakic,DF,Gaziantep,,,False,2026-06-11,2026-06-11
Bosnia-Herzegovina,BIH,UEFA,GROUP B,final,May 11,Sergej Barbarez,,Nikola Katic,nikola katic,DF,Schalke 04,,,False,2026-06-11,2026-06-11
Bosnia-Herzegovina,BIH,UEFA,GROUP B,final,May 11,Sergej Barbarez,,Stjepan Radeljic,stjepan radeljic,DF,Rijeka,,,False,2026-06-11,2026-06-11
Bosnia-Herzegovina,BIH,UEFA,GROUP B,final,May 11,Sergej Barbarez,194767,Ivan Sunjic,ivan sunjic,MF,Pafos,,,False,2026-06-11,2026-06-11
Bosnia-Herzegovina,BIH,UEFA,GROUP B,final,May 11,Sergej Barbarez,221961,Amir Hadziahmetovic,amir hadziahmetovic,MF,Hull City,,,False,2026-06-11,2026-06-11
Bosnia-Herzegovina,BIH,UEFA,GROUP B,final,May 11,Sergej Barbarez,325410,Esmir Bajraktarevic,esmir bajraktarevic,MF,PSV Eindhoven,,,False,2026-06-11,2026-06-11
Bosnia-Herzegovina,BIH,UEFA,GROUP B,final,May 11,Sergej Barbarez,,Amar Memic,amar memic,MF,Viktoria Plzen,,,False,2026-06-11,2026-06-11
Bosnia-Herzegovina,BIH,UEFA,GROUP B,final,May 11,Sergej Barbarez,,Armin Gigovic,armin gigovic,MF,Young Boys,,,False,2026-06-11,2026-06-11
Bosnia-Herzegovina,BIH,UEFA,GROUP B,final,May 11,Sergej Barbarez,,Benjamin Tahirovic,benjamin tahirovic,MF,Brondby,,,False,2026-06-11,2026-06-11
Bosnia-Herzegovina,BIH,UEFA,GROUP B,final,May 11,Sergej Barbarez,,Dzenis Burnic,dzenis burnic,MF,Karlsruher SC,,,False,2026-06-11,2026-06-11
Bosnia-Herzegovina,BIH,UEFA,GROUP B,final,May 11,Sergej Barbarez,,Ermin Mahmic,ermin mahmic,MF,Slovan Liberec,,,False,2026-06-11,2026-06-11
Bosnia-Herzegovina,BIH,UEFA,GROUP B,final,May 11,Sergej Barbarez,,Ivan Basic,ivan basic,MF,Astana,,,False,2026-06-11,2026-06-11
Bosnia-Herzegovina,BIH,UEFA,GROUP B,final,May 11,Sergej Barbarez,,Kerim Alajbegovic,kerim alajbegovic,MF,RB Salzburg,,,False,2026-06-11,2026-06-11
Bosnia-Herzegovina,BIH,UEFA,GROUP B,final,May 11,Sergej Barbarez,102337,Edin Dzeko,edin dzeko,FW,Schalke 04,,,False,2026-06-11,2026-06-11
Bosnia-Herzegovina,BIH,UEFA,GROUP B,final,May 11,Sergej Barbarez,184869,Haris Tabakovic,haris tabakovic,FW,Borussia Moenchengladbach,,,False,2026-06-11,2026-06-11
Bosnia-Herzegovina,BIH,UEFA,GROUP B,final,May 11,Sergej Barbarez,269136,Ermedin Demirovic,ermedin demirovic,FW,VfB Stuttgart,,,False,2026-06-11,2026-06-11
Bosnia-Herzegovina,BIH,UEFA,GROUP B,final,May 11,Sergej Barbarez,,Jovo Lukic,jovo lukic,FW,Universitatea Cluj,,,False,2026-06-11,2026-06-11
Bosnia-Herzegovina,BIH,UEFA,GROUP B,final,May 11,Sergej Barbarez,,Samed Bazdar,samed bazdar,FW,Jagiellonia Bialystok,,,False,2026-06-11,2026-06-11
Brazil,BRA,CONMEBOL,GROUP C,final,May 18,Carlo Ancelotti,196876,Alisson,alisson,GK,Liverpool,,,False,2026-06-11,2026-06-11
Brazil,BRA,CONMEBOL,GROUP C,final,May 18,Carlo Ancelotti,198983,Weverton,weverton,GK,Grêmio,,,False,2026-06-11,2026-06-11
Brazil,BRA,CONMEBOL,GROUP C,final,May 18,Carlo Ancelotti,278210,Éderson,ederson,GK,Fenerbahce,,,False,2026-06-11,2026-06-11
Brazil,BRA,CONMEBOL,GROUP C,final,May 18,Carlo Ancelotti,125514,Alex Sandro,alex sandro,DF,Flamengo,,,False,2026-06-11,2026-06-11
Brazil,BRA,CONMEBOL,GROUP C,final,May 18,Carlo Ancelotti,145405,Léo Pereira,leo pereira,DF,Flamengo,,,False,2026-06-11,2026-06-11
Brazil,BRA,CONMEBOL,GROUP C,final,May 18,Carlo Ancelotti,159047,Marquinhos,marquinhos,DF,Paris Saint-Germain,,,False,2026-06-11,2026-06-11
Brazil,BRA,CONMEBOL,GROUP C,final,May 18,Carlo Ancelotti,186575,Douglas Santos,douglas santos,DF,Zenit St. Petersburg,,,False,2026-06-11,2026-06-11
Brazil,BRA,CONMEBOL,GROUP C,final,May 18,Carlo Ancelotti,236322,Gabriel Magalhães,gabriel magalhaes,DF,Arsenal,,,False,2026-06-11,2026-06-11
Brazil,BRA,CONMEBOL,GROUP C,final,May 18,Carlo Ancelotti,258307,Bremer,bremer,DF,Juventus,,,False,2026-06-11,2026-06-11
Brazil,BRA,CONMEBOL,GROUP C,final,May 18,Carlo Ancelotti,259835,Roger Ibañez,roger ibanez,DF,Al Ahli,,,False,2026-06-11,2026-06-11
Brazil,BRA,CONMEBOL,GROUP C,final,May 18,Carlo Ancelotti,272224,Danilo,danilo,DF,Flamengo,,,False,2026-06-11,2026-06-11
Brazil,BRA,CONMEBOL,GROUP C,final,May 18,Carlo Ancelotti,332354,Wesley,wesley,DF,AS Roma,,,False,2026-06-11,2026-06-11
Brazil,BRA,CONMEBOL,GROUP C,final,May 18,Carlo Ancelotti,173666,Casemiro,casemiro,MF,Manchester United,,,False,2026-06-11,2026-06-11
Brazil,BRA,CONMEBOL,GROUP C,final,May 18,Carlo Ancelotti,176287,Fabinho,fabinho,MF,Al Ittihad,,,False,2026-06-11,2026-06-11
Brazil,BRA,CONMEBOL,GROUP C,final,May 18,Carlo Ancelotti,218522,Bruno Guimarães,bruno guimaraes,MF,Newcastle United,,,False,2026-06-11,2026-06-11
Brazil,BRA,CONMEBOL,GROUP C,final,May 18,Carlo Ancelotti,234715,Lucas Paquetá,lucas paqueta,MF,Flamengo,,,False,2026-06-11,2026-06-11
Brazil,BRA,CONMEBOL,GROUP C,final,May 18,Carlo Ancelotti,306764,Danilo Santos,danilo santos,MF,Botafogo,,,False,2026-06-11,2026-06-11
Brazil,BRA,CONMEBOL,GROUP C,final,May 18,Carlo Ancelotti,132948,Neymar,neymar,FW,Santos,,,False,2026-06-11,2026-06-11
Brazil,BRA,CONMEBOL,GROUP C,final,May 18,Carlo Ancelotti,231050,Raphinha,raphinha,FW,Barcelona,,,False,2026-06-11,2026-06-11
Brazil,BRA,CONMEBOL,GROUP C,final,May 18,Carlo Ancelotti,252107,Vinícius Júnior,vinicius junior,FW,Real Madrid,,,False,2026-06-11,2026-06-11
Brazil,BRA,CONMEBOL,GROUP C,final,May 18,Carlo Ancelotti,259902,Matheus Cunha,matheus cunha,FW,Manchester United,,,False,2026-06-11,2026-06-11
Brazil,BRA,CONMEBOL,GROUP C,final,May 18,Carlo Ancelotti,269844,Gabriel Martinelli,gabriel martinelli,FW,Arsenal,,,False,2026-06-11,2026-06-11
Brazil,BRA,CONMEBOL,GROUP C,final,May 18,Carlo Ancelotti,301894,Igor Thiago,igor thiago,FW,Brentford,,,False,2026-06-11,2026-06-11
Brazil,BRA,CONMEBOL,GROUP C,final,May 18,Carlo Ancelotti,304215,Luiz Henrique,luiz henrique,FW,Zenit St. Petersburg,,,False,2026-06-11,2026-06-11
Brazil,BRA,CONMEBOL,GROUP C,final,May 18,Carlo Ancelotti,346612,Endrick,endrick,FW,Lyon,,,False,2026-06-11,2026-06-11
Brazil,BRA,CONMEBOL,GROUP C,final,May 18,Carlo Ancelotti,357719,Rayan,rayan,FW,Bournemouth,,,False,2026-06-11,2026-06-11
Canada,CAN,CONCACAF,GROUP B,final,May 29,Jesse Marsch,159382,Maxime Crépeau,maxime crepeau,GK,Orlando City,,,False,2026-06-11,2026-06-11
Canada,CAN,CONCACAF,GROUP B,final,May 29,Jesse Marsch,231059,Dayne St. Clair,dayne st clair,GK,Inter Miami,,,False,2026-06-11,2026-06-11
Canada,CAN,CONCACAF,GROUP B,final,May 29,Jesse Marsch,330618,Owen Goodman,owen goodman,GK,Barnsley,,,False,2026-06-11,2026-06-11
Canada,CAN,CONCACAF,GROUP B,final,May 29,Jesse Marsch,230626,Richie Laryea,richie laryea,DF,Toronto FC,,,False,2026-06-11,2026-06-11
Canada,CAN,CONCACAF,GROUP B,final,May 29,Jesse Marsch,236721,Alphonso Davies,alphonso davies,DF,Bayern Munich,,,False,2026-06-11,2026-06-11
Canada,CAN,CONCACAF,GROUP B,final,May 29,Jesse Marsch,236890,Joel Waterman,joel waterman,DF,Chicago Fire,,,False,2026-06-11,2026-06-11
Canada,CAN,CONCACAF,GROUP B,final,May 29,Jesse Marsch,238712,Derek Cornelius,derek cornelius,DF,Rangers,,,False,2026-06-11,2026-06-11
Canada,CAN,CONCACAF,GROUP B,final,May 29,Jesse Marsch,240589,Alfie Jones,alfie jones,DF,Middlesbrough,,,False,2026-06-11,2026-06-11
Canada,CAN,CONCACAF,GROUP B,final,May 29,Jesse Marsch,293691,Alistair Johnston,alistair johnston,DF,Celtic,,,False,2026-06-11,2026-06-11
Canada,CAN,CONCACAF,GROUP B,final,May 29,Jesse Marsch,358975,Moïse Bombito,moise bombito,DF,Nice,,,False,2026-06-11,2026-06-11
Canada,CAN,CONCACAF,GROUP B,final,May 29,Jesse Marsch,363538,Niko Sigur,niko sigur,DF,Hajduk Split,,,False,2026-06-11,2026-06-11
Canada,CAN,CONCACAF,GROUP B,final,May 29,Jesse Marsch,365345,Luc De Fougerolles,luc de fougerolles,DF,FCV Dender,,,False,2026-06-11,2026-06-11
Canada,CAN,CONCACAF,GROUP B,final,May 29,Jesse Marsch,184221,Jonathan Osorio,jonathan osorio,MF,Toronto FC,,,False,2026-06-11,2026-06-11
Canada,CAN,CONCACAF,GROUP B,final,May 29,Jesse Marsch,186489,Marcelo Flores,marcelo flores,MF,Tigres UANL,,,False,2026-06-11,2026-06-11
Canada,CAN,CONCACAF,GROUP B,final,May 29,Jesse Marsch,270505,Stephen Eustáquio,stephen eustaquio,MF,LAFC,,,False,2026-06-11,2026-06-11
Canada,CAN,CONCACAF,GROUP B,final,May 29,Jesse Marsch,271879,Liam Millar,liam millar,MF,Hull City,,,False,2026-06-11,2026-06-11
Canada,CAN,CONCACAF,GROUP B,final,May 29,Jesse Marsch,274296,Mathieu Choinière,mathieu choiniere,MF,LAFC,,,False,2026-06-11,2026-06-11
Canada,CAN,CONCACAF,GROUP B,final,May 29,Jesse Marsch,284769,Tajon Buchanan,tajon buchanan,MF,Villarreal,,,False,2026-06-11,2026-06-11
Canada,CAN,CONCACAF,GROUP B,final,May 29,Jesse Marsch,286214,Jacob Shaffelburg,jacob shaffelburg,MF,LAFC,,,False,2026-06-11,2026-06-11
Canada,CAN,CONCACAF,GROUP B,final,May 29,Jesse Marsch,311163,Nathan Saliba,nathan saliba,MF,Anderlecht,,,False,2026-06-11,2026-06-11
Canada,CAN,CONCACAF,GROUP B,final,May 29,Jesse Marsch,325001,Ismaël Koné,ismael kone,MF,Sassuolo,,,False,2026-06-11,2026-06-11
Canada,CAN,CONCACAF,GROUP B,final,May 29,Jesse Marsch,340228,Ali Ahmed,ali ahmed,MF,Norwich City,,,False,2026-06-11,2026-06-11
Canada,CAN,CONCACAF,GROUP B,final,May 29,Jesse Marsch,205024,Cyle Larin,cyle larin,FW,Southampton,,,False,2026-06-11,2026-06-11
Canada,CAN,CONCACAF,GROUP B,final,May 29,Jesse Marsch,273499,Jonathan David,jonathan david,FW,Juventus,,,False,2026-06-11,2026-06-11
Canada,CAN,CONCACAF,GROUP B,final,May 29,Jesse Marsch,294039,Tani Oluwaseyi,tani oluwaseyi,FW,Villarreal,,,False,2026-06-11,2026-06-11
Canada,CAN,CONCACAF,GROUP B,final,May 29,Jesse Marsch,318522,Promise David,promise david,FW,Royale-Union Saint Gilloise,,,False,2026-06-11,2026-06-11
Ivory Coast,CIV,CAF,GROUP E,final,May 15,Emerse Faé,231282,Alban Lafont,alban lafont,GK,Panathinaikos,,,False,2026-06-11,2026-06-11
Ivory Coast,CIV,CAF,GROUP E,final,May 15,Emerse Faé,261595,Yahia Fofana,yahia fofana,GK,Rizespor,,,False,2026-06-11,2026-06-11
Ivory Coast,CIV,CAF,GROUP E,final,May 15,Emerse Faé,385004,Mohamed Koné,mohamed kone,GK,Charleroi,,,False,2026-06-11,2026-06-11
Ivory Coast,CIV,CAF,GROUP E,final,May 15,Emerse Faé,242593,Evan Ndicka,evan ndicka,DF,AS Roma,,,False,2026-06-11,2026-06-11
Ivory Coast,CIV,CAF,GROUP E,final,May 15,Emerse Faé,250888,Ghislain Konan,ghislain konan,DF,Gil Vicente,,,False,2026-06-11,2026-06-11
Ivory Coast,CIV,CAF,GROUP E,final,May 15,Emerse Faé,284822,Odilon Kossounou,odilon kossounou,DF,Atalanta,,,False,2026-06-11,2026-06-11
Ivory Coast,CIV,CAF,GROUP E,final,May 15,Emerse Faé,286569,Wilfried Singo,wilfried singo,DF,Galatasaray,,,False,2026-06-11,2026-06-11
Ivory Coast,CIV,CAF,GROUP E,final,May 15,Emerse Faé,308449,Emmanuel Agbadou,emmanuel agbadou,DF,Beşiktaş,,,False,2026-06-11,2026-06-11
Ivory Coast,CIV,CAF,GROUP E,final,May 15,Emerse Faé,343964,Ousmane Diomande,ousmane diomande,DF,Sporting CP,,,False,2026-06-11,2026-06-11
Ivory Coast,CIV,CAF,GROUP E,final,May 15,Emerse Faé,344520,Clément Akpa,clement akpa,DF,AJ Auxerre,,,False,2026-06-11,2026-06-11
Ivory Coast,CIV,CAF,GROUP E,final,May 15,Emerse Faé,346636,Guela Doué,guela doue,DF,Strasbourg,,,False,2026-06-11,2026-06-11
Ivory Coast,CIV,CAF,GROUP E,final,May 15,Emerse Faé,184118,Seko Fofana,seko fofana,MF,Porto,,,False,2026-06-11,2026-06-11
Ivory Coast,CIV,CAF,GROUP E,final,May 15,Emerse Faé,193539,Jean Michaël Seri,jean michael seri,MF,NK Maribor,,,False,2026-06-11,2026-06-11
Ivory Coast,CIV,CAF,GROUP E,final,May 15,Emerse Faé,194711,Franck Kessié,franck kessie,MF,Al Ahli,,,False,2026-06-11,2026-06-11
Ivory Coast,CIV,CAF,GROUP E,final,May 15,Emerse Faé,213718,Ibrahim Sangaré,ibrahim sangare,MF,Nottingham Forest,,,False,2026-06-11,2026-06-11
Ivory Coast,CIV,CAF,GROUP E,final,May 15,Emerse Faé,257055,Parfait Guiagon,parfait guiagon,MF,Charleroi,,,False,2026-06-11,2026-06-11
Ivory Coast,CIV,CAF,GROUP E,final,May 15,Emerse Faé,386989,Christ Inao Oulaï,christ inao oulai,MF,Trabzonspor,,,False,2026-06-11,2026-06-11
Ivory Coast,CIV,CAF,GROUP E,final,May 15,Emerse Faé,210397,Nicolas Pépé,nicolas pepe,FW,Villarreal,,,False,2026-06-11,2026-06-11
Ivory Coast,CIV,CAF,GROUP E,final,May 15,Emerse Faé,288924,Evann Guessand,evann guessand,FW,Aston Villa,,,False,2026-06-11,2026-06-11
Ivory Coast,CIV,CAF,GROUP E,final,May 15,Emerse Faé,291630,Amad Diallo,amad diallo,FW,Manchester United,,,False,2026-06-11,2026-06-11
Ivory Coast,CIV,CAF,GROUP E,final,May 15,Emerse Faé,309185,Ange-Yoan Bonny,ange-yoan bonny,FW,Internazionale,,,False,2026-06-11,2026-06-11
Ivory Coast,CIV,CAF,GROUP E,final,May 15,Emerse Faé,311118,Elye Wahi,elye wahi,FW,Nice,,,False,2026-06-11,2026-06-11
Ivory Coast,CIV,CAF,GROUP E,final,May 15,Emerse Faé,317404,Simon Adingra,simon adingra,FW,AS Monaco,,,False,2026-06-11,2026-06-11
Ivory Coast,CIV,CAF,GROUP E,final,May 15,Emerse Faé,329483,Oumar Diakité,oumar diakite,FW,Cercle Brugge,,,False,2026-06-11,2026-06-11
Ivory Coast,CIV,CAF,GROUP E,final,May 15,Emerse Faé,359108,Bazoumana Touré,bazoumana toure,FW,Hoffenheim,,,False,2026-06-11,2026-06-11
Ivory Coast,CIV,CAF,GROUP E,final,May 15,Emerse Faé,402479,Yan Diomande,yan diomande,FW,RB Leipzig,,,False,2026-06-11,2026-06-11
Congo DR,COD,CAF,GROUP K,final,May 18,Sebastien Desabre,282757,Timothy Fayulu,timothy fayulu,GK,FC Noah,,,False,2026-06-11,2026-06-11
Congo DR,COD,CAF,GROUP K,final,May 18,Sebastien Desabre,319371,Matthieu Epolo,matthieu epolo,GK,Standard Liege,,,False,2026-06-11,2026-06-11
Congo DR,COD,CAF,GROUP K,final,May 18,Sebastien Desabre,,Lionel Mpasi,lionel mpasi,GK,Le Havre,,,False,2026-06-11,2026-06-11
Congo DR,COD,CAF,GROUP K,final,May 18,Sebastien Desabre,165892,Arthur Masuaku,arthur masuaku,DF,Lens,,,False,2026-06-11,2026-06-11
Congo DR,COD,CAF,GROUP K,final,May 18,Sebastien Desabre,174322,Chancel Mbemba,chancel mbemba,DF,Lille,,,False,2026-06-11,2026-06-11
Congo DR,COD,CAF,GROUP K,final,May 18,Sebastien Desabre,175104,Aaron Tshibola,aaron tshibola,DF,Kilmarnock,,,False,2026-06-11,2026-06-11
Congo DR,COD,CAF,GROUP K,final,May 18,Sebastien Desabre,204329,Joris Kayembe,joris kayembe,DF,Genk,,,False,2026-06-11,2026-06-11
Congo DR,COD,CAF,GROUP K,final,May 18,Sebastien Desabre,229524,Axel Tuanzebe,axel tuanzebe,DF,Burnley,,,False,2026-06-11,2026-06-11
Congo DR,COD,CAF,GROUP K,final,May 18,Sebastien Desabre,250945,Aaron Wan-Bissaka,aaron wan-bissaka,DF,West Ham United,,,False,2026-06-11,2026-06-11
Congo DR,COD,CAF,GROUP K,final,May 18,Sebastien Desabre,260228,Dylan Batubinsika,dylan batubinsika,DF,AEL,,,False,2026-06-11,2026-06-11
Congo DR,COD,CAF,GROUP K,final,May 18,Sebastien Desabre,291345,Gedeon Kalulu,gedeon kalulu,DF,Aris Limassol,,,False,2026-06-11,2026-06-11
Congo DR,COD,CAF,GROUP K,final,May 18,Sebastien Desabre,369201,Steve Kapuadi,steve kapuadi,DF,Widzew Łódź,,,False,2026-06-11,2026-06-11
Congo DR,COD,CAF,GROUP K,final,May 18,Sebastien Desabre,130545,Gaël Kakuta,gael kakuta,MF,AEL,,,False,2026-06-11,2026-06-11
Congo DR,COD,CAF,GROUP K,final,May 18,Sebastien Desabre,182337,Théo Bongonda,theo bongonda,MF,Spartak Moscow,,,False,2026-06-11,2026-06-11
Congo DR,COD,CAF,GROUP K,final,May 18,Sebastien Desabre,235875,Charles Pickel,charles pickel,MF,Espanyol,,,False,2026-06-11,2026-06-11
Congo DR,COD,CAF,GROUP K,final,May 18,Sebastien Desabre,260932,Samuel Moutoussamy,samuel moutoussamy,MF,Atromitos,,,False,2026-06-11,2026-06-11
Congo DR,COD,CAF,GROUP K,final,May 18,Sebastien Desabre,268986,Edo Kayembe,edo kayembe,MF,Watford,,,False,2026-06-11,2026-06-11
Congo DR,COD,CAF,GROUP K,final,May 18,Sebastien Desabre,291750,Nathanaël Mbuku,nathanael mbuku,MF,Montpellier,,,False,2026-06-11,2026-06-11
Congo DR,COD,CAF,GROUP K,final,May 18,Sebastien Desabre,340240,Noah Sadiki,noah sadiki,MF,Sunderland,,,False,2026-06-11,2026-06-11
Congo DR,COD,CAF,GROUP K,final,May 18,Sebastien Desabre,345988,Ngal'ayel Mukau,ngal ayel mukau,MF,Lille,,,False,2026-06-11,2026-06-11
Congo DR,COD,CAF,GROUP K,final,May 18,Sebastien Desabre,352285,Brian Cipenga,brian cipenga,MF,Castellón,,,False,2026-06-11,2026-06-11
Congo DR,COD,CAF,GROUP K,final,May 18,Sebastien Desabre,,Meschak Elia,meschak elia,MF,Alanyaspor,,,False,2026-06-11,2026-06-11
Congo DR,COD,CAF,GROUP K,final,May 18,Sebastien Desabre,147193,Cédric Bakambu,cedric bakambu,FW,Real Betis,,,False,2026-06-11,2026-06-11
Congo DR,COD,CAF,GROUP K,final,May 18,Sebastien Desabre,224077,Yoane Wissa,yoane wissa,FW,Newcastle United,,,False,2026-06-11,2026-06-11
Congo DR,COD,CAF,GROUP K,final,May 18,Sebastien Desabre,231161,Simon Banza,simon banza,FW,Al Jazira,,,False,2026-06-11,2026-06-11
Congo DR,COD,CAF,GROUP K,final,May 18,Sebastien Desabre,299324,Fiston Mayele,fiston mayele,FW,Pyramids FC,,,False,2026-06-11,2026-06-11
Colombia,COL,CONMEBOL,GROUP K,,,Nestor Lorenzo,121842,David Ospina,david ospina,GK,Atlético Nacional,,,False,2026-06-11,2026-06-11
Colombia,COL,CONMEBOL,GROUP K,,,Nestor Lorenzo,166323,Álvaro Montero,alvaro montero,GK,Vélez Sarsfield,,,False,2026-06-11,2026-06-11
Colombia,COL,CONMEBOL,GROUP K,,,Nestor Lorenzo,185147,Camilo Vargas,camilo vargas,GK,Atlas,,,False,2026-06-11,2026-06-11
Colombia,COL,CONMEBOL,GROUP K,,,Nestor Lorenzo,146679,Daniel Muñoz,daniel munoz,DF,Crystal Palace,,,False,2026-06-11,2026-06-11
Colombia,COL,CONMEBOL,GROUP K,,,Nestor Lorenzo,164756,Santiago Arias,santiago arias,DF,Independiente,,,False,2026-06-11,2026-06-11
Colombia,COL,CONMEBOL,GROUP K,,,Nestor Lorenzo,173247,Johan Mojica,johan mojica,DF,Mallorca,,,False,2026-06-11,2026-06-11
Colombia,COL,CONMEBOL,GROUP K,,,Nestor Lorenzo,196901,Yerry Mina,yerry mina,DF,Cagliari,,,False,2026-06-11,2026-06-11
Colombia,COL,CONMEBOL,GROUP K,,,Nestor Lorenzo,197105,Davinson Sánchez,davinson sanchez,DF,Galatasaray,,,False,2026-06-11,2026-06-11
Colombia,COL,CONMEBOL,GROUP K,,,Nestor Lorenzo,197401,Deiver Machado,deiver machado,DF,Nantes,,,False,2026-06-11,2026-06-11
Colombia,COL,CONMEBOL,GROUP K,,,Nestor Lorenzo,227697,Jhon Lucumí,jhon lucumi,DF,Bologna,,,False,2026-06-11,2026-06-11
Colombia,COL,CONMEBOL,GROUP K,,,Nestor Lorenzo,270229,Willer Ditta,willer ditta,DF,Cruz Azul,,,False,2026-06-11,2026-06-11
Colombia,COL,CONMEBOL,GROUP K,,,Nestor Lorenzo,177780,Juan Fernando Quintero,juan fernando quintero,MF,River Plate,,,False,2026-06-11,2026-06-11
Colombia,COL,CONMEBOL,GROUP K,,,Nestor Lorenzo,197399,Jefferson Lerma,jefferson lerma,MF,Crystal Palace,,,False,2026-06-11,2026-06-11
Colombia,COL,CONMEBOL,GROUP K,,,Nestor Lorenzo,208700,Jorge Carrascal,jorge carrascal,MF,Flamengo,,,False,2026-06-11,2026-06-11
Colombia,COL,CONMEBOL,GROUP K,,,Nestor Lorenzo,239566,Jhon Arias,jhon arias,MF,Palmeiras,,,False,2026-06-11,2026-06-11
Colombia,COL,CONMEBOL,GROUP K,,,Nestor Lorenzo,301520,Richard Ríos,richard rios,MF,Benfica,,,False,2026-06-11,2026-06-11
Colombia,COL,CONMEBOL,GROUP K,,,Nestor Lorenzo,307756,Kevin Castaño,kevin castano,MF,River Plate,,,False,2026-06-11,2026-06-11
Colombia,COL,CONMEBOL,GROUP K,,,Nestor Lorenzo,341736,Gustavo Puerta,gustavo puerta,MF,Racing Santander,,,False,2026-06-11,2026-06-11
Colombia,COL,CONMEBOL,GROUP K,,,Nestor Lorenzo,82816,James Rodríguez,james rodriguez,MF,Minnesota United,,,False,2026-06-11,2026-06-11
Colombia,COL,CONMEBOL,GROUP K,,,Nestor Lorenzo,94976,Juan Portilla,juan portilla,MF,Athletico Paranaense,,,False,2026-06-11,2026-06-11
Colombia,COL,CONMEBOL,GROUP K,,,Nestor Lorenzo,,Jaminton Campaz,jaminton campaz,MF,Rosario Central,,,False,2026-06-11,2026-06-11
Colombia,COL,CONMEBOL,GROUP K,,,Nestor Lorenzo,176058,Jhon Córdoba,jhon cordoba,FW,Krasnodar,,,False,2026-06-11,2026-06-11
Colombia,COL,CONMEBOL,GROUP K,,,Nestor Lorenzo,257390,Luis Díaz,luis diaz,FW,Bayern Munich,,,False,2026-06-11,2026-06-11
Colombia,COL,CONMEBOL,GROUP K,,,Nestor Lorenzo,272722,Luis Suárez,luis suarez,FW,Sporting CP,,,False,2026-06-11,2026-06-11
Colombia,COL,CONMEBOL,GROUP K,,,Nestor Lorenzo,330924,Andrés Gómez,andres gomez,FW,Vasco da Gama,,,False,2026-06-11,2026-06-11
Colombia,COL,CONMEBOL,GROUP K,,,Nestor Lorenzo,336809,Cucho Hernández,cucho hernandez,FW,Real Betis,,,False,2026-06-11,2026-06-11
Cape Verde,CPV,CAF,GROUP H,final,May 18,Bubista,,CJ dos Santos,cj dos santos,GK,San Diego FC,,,False,2026-06-11,2026-06-11
Cape Verde,CPV,CAF,GROUP H,final,May 18,Bubista,,Marcio Rosa,marcio rosa,GK,Montana,,,False,2026-06-11,2026-06-11
Cape Verde,CPV,CAF,GROUP H,final,May 18,Bubista,,Vozinha,vozinha,GK,Chaves,,,False,2026-06-11,2026-06-11
Cape Verde,CPV,CAF,GROUP H,final,May 18,Bubista,,Diney,diney,DF,Al Bataeh,,,False,2026-06-11,2026-06-11
Cape Verde,CPV,CAF,GROUP H,final,May 18,Bubista,,Joao Paulo,joao paulo,DF,FCSB,,,False,2026-06-11,2026-06-11
Cape Verde,CPV,CAF,GROUP H,final,May 18,Bubista,,Kelvin Pires,kelvin pires,DF,SJK,,,False,2026-06-11,2026-06-11
Cape Verde,CPV,CAF,GROUP H,final,May 18,Bubista,,Logan Costa,logan costa,DF,Villarreal,,,False,2026-06-11,2026-06-11
Cape Verde,CPV,CAF,GROUP H,final,May 18,Bubista,,Pico,pico,DF,Shamrock Rovers,,,False,2026-06-11,2026-06-11
Cape Verde,CPV,CAF,GROUP H,final,May 18,Bubista,,Sidny Lopes Cabral,sidny lopes cabral,DF,Benfica,,,False,2026-06-11,2026-06-11
Cape Verde,CPV,CAF,GROUP H,final,May 18,Bubista,,Steven Moreira,steven moreira,DF,Columbus Crew,,,False,2026-06-11,2026-06-11
Cape Verde,CPV,CAF,GROUP H,final,May 18,Bubista,,Stopira,stopira,DF,Torreense,,,False,2026-06-11,2026-06-11
Cape Verde,CPV,CAF,GROUP H,final,May 18,Bubista,,Wagner Pina,wagner pina,DF,Trabzonspor,,,False,2026-06-11,2026-06-11
Cape Verde,CPV,CAF,GROUP H,final,May 18,Bubista,,Deroy Duarte,deroy duarte,MF,Ludogorets Razgrad,,,False,2026-06-11,2026-06-11
Cape Verde,CPV,CAF,GROUP H,final,May 18,Bubista,,Jamiro Monteiro,jamiro monteiro,MF,PEC Zwolle,,,False,2026-06-11,2026-06-11
Cape Verde,CPV,CAF,GROUP H,final,May 18,Bubista,,Kevin Pina,kevin pina,MF,Krasnodar,,,False,2026-06-11,2026-06-11
Cape Verde,CPV,CAF,GROUP H,final,May 18,Bubista,,Laros Duarte,laros duarte,MF,Puskas Akademia,,,False,2026-06-11,2026-06-11
Cape Verde,CPV,CAF,GROUP H,final,May 18,Bubista,,Telmo Arcanjo,telmo arcanjo,MF,Vitoria Guimaraes,,,False,2026-06-11,2026-06-11
Cape Verde,CPV,CAF,GROUP H,final,May 18,Bubista,,Yannick Semedo,yannick semedo,MF,Farense,,,False,2026-06-11,2026-06-11
Cape Verde,CPV,CAF,GROUP H,final,May 18,Bubista,,Dailon Livramento,dailon livramento,FW,Casa Pia,,,False,2026-06-11,2026-06-11
Cape Verde,CPV,CAF,GROUP H,final,May 18,Bubista,,Garry Rodrigues,garry rodrigues,FW,Apollon Limassol,,,False,2026-06-11,2026-06-11
Cape Verde,CPV,CAF,GROUP H,final,May 18,Bubista,,Gilson Benchimol,gilson benchimol,FW,Akron Tolyatti,,,False,2026-06-11,2026-06-11
Cape Verde,CPV,CAF,GROUP H,final,May 18,Bubista,,Helio Varela,helio varela,FW,Maccabi Tel Aviv,,,False,2026-06-11,2026-06-11
Cape Verde,CPV,CAF,GROUP H,final,May 18,Bubista,,Jovane Cabral,jovane cabral,FW,Estrela Amadora,,,False,2026-06-11,2026-06-11
Cape Verde,CPV,CAF,GROUP H,final,May 18,Bubista,,Nuno da Costa,nuno da costa,FW,Istanbul Basaksehir,,,False,2026-06-11,2026-06-11
Cape Verde,CPV,CAF,GROUP H,final,May 18,Bubista,,Ryan Mendes,ryan mendes,FW,Igdir,,,False,2026-06-11,2026-06-11
Cape Verde,CPV,CAF,GROUP H,final,May 18,Bubista,,Willy Semedo,willy semedo,FW,Omonia,,,False,2026-06-11,2026-06-11
Croatia,CRO,UEFA,GROUP L,,,Zlatko Dalic,187946,Dominik Livakovic,dominik livakovic,GK,Dinamo Zagreb,,,False,2026-06-11,2026-06-11
Croatia,CRO,UEFA,GROUP L,,,Zlatko Dalic,239411,Dominik Kotarski,dominik kotarski,GK,Kobenhavn,,,False,2026-06-11,2026-06-11
Croatia,CRO,UEFA,GROUP L,,,Zlatko Dalic,277234,Ivor Pandur,ivor pandur,GK,Hull City,,,False,2026-06-11,2026-06-11
Croatia,CRO,UEFA,GROUP L,,,Zlatko Dalic,194766,Duje Caleta-Car,duje caleta-car,DF,Real Sociedad,,,False,2026-06-11,2026-06-11
Croatia,CRO,UEFA,GROUP L,,,Zlatko Dalic,216579,Martin Erlic,martin erlic,DF,Midtjylland,,,False,2026-06-11,2026-06-11
Croatia,CRO,UEFA,GROUP L,,,Zlatko Dalic,255650,Marin Pongracic,marin pongracic,DF,Fiorentina,,,False,2026-06-11,2026-06-11
Croatia,CRO,UEFA,GROUP L,,,Zlatko Dalic,276329,Josip Stanisic,josip stanisic,DF,Bayern Munich,,,False,2026-06-11,2026-06-11
Croatia,CRO,UEFA,GROUP L,,,Zlatko Dalic,299910,Josko Gvardiol,josko gvardiol,DF,Manchester City,,,False,2026-06-11,2026-06-11
Croatia,CRO,UEFA,GROUP L,,,Zlatko Dalic,305552,Josip Sutalo,josip sutalo,DF,Ajax,,,False,2026-06-11,2026-06-11
Croatia,CRO,UEFA,GROUP L,,,Zlatko Dalic,364962,Luka Vuskovic,luka vuskovic,DF,Hamburg,,,False,2026-06-11,2026-06-11
Croatia,CRO,UEFA,GROUP L,,,Zlatko Dalic,154595,Mateo Kovacic,mateo kovacic,MF,Manchester City,,,False,2026-06-11,2026-06-11
Croatia,CRO,UEFA,GROUP L,,,Zlatko Dalic,189668,Mario Pasalic,mario pasalic,MF,Atalanta,,,False,2026-06-11,2026-06-11
Croatia,CRO,UEFA,GROUP L,,,Zlatko Dalic,206378,Nikola Vlasic,nikola vlasic,MF,Torino,,,False,2026-06-11,2026-06-11
Croatia,CRO,UEFA,GROUP L,,,Zlatko Dalic,228333,Nikola Moro,nikola moro,MF,Bologna,,,False,2026-06-11,2026-06-11
Croatia,CRO,UEFA,GROUP L,,,Zlatko Dalic,238929,Kristijan Jakic,kristijan jakic,MF,Augsburg,,,False,2026-06-11,2026-06-11
Croatia,CRO,UEFA,GROUP L,,,Zlatko Dalic,306263,Luka Sucic,luka sucic,MF,Real Sociedad,,,False,2026-06-11,2026-06-11
Croatia,CRO,UEFA,GROUP L,,,Zlatko Dalic,311475,Martin Baturina,martin baturina,MF,Como,,,False,2026-06-11,2026-06-11
Croatia,CRO,UEFA,GROUP L,,,Zlatko Dalic,338232,Toni Fruk,toni fruk,MF,Rijeka,,,False,2026-06-11,2026-06-11
Croatia,CRO,UEFA,GROUP L,,,Zlatko Dalic,341494,Petar Sucic,petar sucic,MF,Inter Milan,,,False,2026-06-11,2026-06-11
Croatia,CRO,UEFA,GROUP L,,,Zlatko Dalic,76762,Luka Modric,luka modric,MF,AC Milan,,,False,2026-06-11,2026-06-11
Croatia,CRO,UEFA,GROUP L,,,Zlatko Dalic,103485,Ivan Perisic,ivan perisic,FW,PSV Eindhoven,,,False,2026-06-11,2026-06-11
Croatia,CRO,UEFA,GROUP L,,,Zlatko Dalic,139520,Andrej Kramaric,andrej kramaric,FW,Hoffenheim,,,False,2026-06-11,2026-06-11
Croatia,CRO,UEFA,GROUP L,,,Zlatko Dalic,207288,Ante Budimir,ante budimir,FW,Osasuna,,,False,2026-06-11,2026-06-11
Croatia,CRO,UEFA,GROUP L,,,Zlatko Dalic,277128,Petar Musa,petar musa,FW,FC Dallas,,,False,2026-06-11,2026-06-11
Croatia,CRO,UEFA,GROUP L,,,Zlatko Dalic,310883,Igor Matanovic,igor matanovic,FW,Freiburg,,,False,2026-06-11,2026-06-11
Croatia,CRO,UEFA,GROUP L,,,Zlatko Dalic,324270,Marco Pasalic,marco pasalic,FW,Orlando City,,,False,2026-06-11,2026-06-11
Curacao,CUW,CONCACAF,GROUP E,final,May 18,Dick Advocaat,,Eloy Room,eloy room,GK,Miami FC,,,False,2026-06-11,2026-06-11
Curacao,CUW,CONCACAF,GROUP E,final,May 18,Dick Advocaat,,Trevor Doornbusch,trevor doornbusch,GK,VVV Venlo,,,False,2026-06-11,2026-06-11
Curacao,CUW,CONCACAF,GROUP E,final,May 18,Dick Advocaat,,Tyrick Bodak,tyrick bodak,GK,Telstar,,,False,2026-06-11,2026-06-11
Curacao,CUW,CONCACAF,GROUP E,final,May 18,Dick Advocaat,,Armando Obispo,armando obispo,DF,PSV Eindhoven,,,False,2026-06-11,2026-06-11
Curacao,CUW,CONCACAF,GROUP E,final,May 18,Dick Advocaat,,Deveron Fonville,deveron fonville,DF,NEC Nijmegen,,,False,2026-06-11,2026-06-11
Curacao,CUW,CONCACAF,GROUP E,final,May 18,Dick Advocaat,,Joshua Brenet,joshua brenet,DF,Kayserispor,,,False,2026-06-11,2026-06-11
Curacao,CUW,CONCACAF,GROUP E,final,May 18,Dick Advocaat,,Jurien Gaari,jurien gaari,DF,Abha,,,False,2026-06-11,2026-06-11
Curacao,CUW,CONCACAF,GROUP E,final,May 18,Dick Advocaat,,Riechedly Bazoer,riechedly bazoer,DF,Konyaspor,,,False,2026-06-11,2026-06-11
Curacao,CUW,CONCACAF,GROUP E,final,May 18,Dick Advocaat,,Roshon van Eijma,roshon van eijma,DF,RKC Waalwijk,,,False,2026-06-11,2026-06-11
Curacao,CUW,CONCACAF,GROUP E,final,May 18,Dick Advocaat,,Sherel Floranus,sherel floranus,DF,PEC Zwolle,,,False,2026-06-11,2026-06-11
Curacao,CUW,CONCACAF,GROUP E,final,May 18,Dick Advocaat,,Shurandy Sambo,shurandy sambo,DF,Sparta Rotterdam,,,False,2026-06-11,2026-06-11
Curacao,CUW,CONCACAF,GROUP E,final,May 18,Dick Advocaat,,Ar'jany Martha,ar jany martha,MF,Rotherham United,,,False,2026-06-11,2026-06-11
Curacao,CUW,CONCACAF,GROUP E,final,May 18,Dick Advocaat,,Godfried Roemeratoe,godfried roemeratoe,MF,RKC Waalwijk,,,False,2026-06-11,2026-06-11
Curacao,CUW,CONCACAF,GROUP E,final,May 18,Dick Advocaat,,Juninho Bacuna,juninho bacuna,MF,Volendam,,,False,2026-06-11,2026-06-11
Curacao,CUW,CONCACAF,GROUP E,final,May 18,Dick Advocaat,,Kevin Felida,kevin felida,MF,Den Bosch,,,False,2026-06-11,2026-06-11
Curacao,CUW,CONCACAF,GROUP E,final,May 18,Dick Advocaat,,Leandro Bacuna,leandro bacuna,MF,Igdir,,,False,2026-06-11,2026-06-11
Curacao,CUW,CONCACAF,GROUP E,final,May 18,Dick Advocaat,,Livano Comenencia,livano comenencia,MF,Zurich,,,False,2026-06-11,2026-06-11
Curacao,CUW,CONCACAF,GROUP E,final,May 18,Dick Advocaat,,Tyrese Noslin,tyrese noslin,MF,Telstar,,,False,2026-06-11,2026-06-11
Curacao,CUW,CONCACAF,GROUP E,final,May 18,Dick Advocaat,,Brandley Kuwas,brandley kuwas,FW,Volendam,,,False,2026-06-11,2026-06-11
Curacao,CUW,CONCACAF,GROUP E,final,May 18,Dick Advocaat,,Gervane Kastaneer,gervane kastaneer,FW,Terengganu,,,False,2026-06-11,2026-06-11
Curacao,CUW,CONCACAF,GROUP E,final,May 18,Dick Advocaat,,Jearl Margaritha,jearl margaritha,FW,Beveren,,,False,2026-06-11,2026-06-11
Curacao,CUW,CONCACAF,GROUP E,final,May 18,Dick Advocaat,,Jeremy Antonisse,jeremy antonisse,FW,Kifisia,,,False,2026-06-11,2026-06-11
Curacao,CUW,CONCACAF,GROUP E,final,May 18,Dick Advocaat,,Jurgen Locadia,jurgen locadia,FW,Miami FC,,,False,2026-06-11,2026-06-11
Curacao,CUW,CONCACAF,GROUP E,final,May 18,Dick Advocaat,,Kenji Gorre,kenji gorre,FW,Maccabi Haifa,,,False,2026-06-11,2026-06-11
Curacao,CUW,CONCACAF,GROUP E,final,May 18,Dick Advocaat,,Sontje Hansen,sontje hansen,FW,Middlesbrough,,,False,2026-06-11,2026-06-11
Curacao,CUW,CONCACAF,GROUP E,final,May 18,Dick Advocaat,,Tahith Chong,tahith chong,FW,Sheffield United,,,False,2026-06-11,2026-06-11
Czechia,CZE,UEFA,GROUP A,final,May 31,Miroslav Koubek,199988,Jindrich Stanek,jindrich stanek,GK,Slavia Prague,,,False,2026-06-11,2026-06-11
Czechia,CZE,UEFA,GROUP A,final,May 31,Miroslav Koubek,319267,Lukas Hornicek,lukas hornicek,GK,Braga,,,False,2026-06-11,2026-06-11
Czechia,CZE,UEFA,GROUP A,final,May 31,Miroslav Koubek,,Jan Koutny,jan koutny,GK,Sigma Olomouc,,,False,2026-06-11,2026-06-11
Czechia,CZE,UEFA,GROUP A,final,May 31,Miroslav Koubek,191209,Vladimír Coufal,vladimir coufal,DF,TSG Hoffenheim,,,False,2026-06-11,2026-06-11
Czechia,CZE,UEFA,GROUP A,final,May 31,Miroslav Koubek,290116,David Zima,david zima,DF,Slavia Prague,,,False,2026-06-11,2026-06-11
Czechia,CZE,UEFA,GROUP A,final,May 31,Miroslav Koubek,,David Douděra,david doudera,DF,Slavia Prague,,,False,2026-06-11,2026-06-11
Czechia,CZE,UEFA,GROUP A,final,May 31,Miroslav Koubek,,David Jurásek,david jurasek,DF,Slavia Prague,,,False,2026-06-11,2026-06-11
Czechia,CZE,UEFA,GROUP A,final,May 31,Miroslav Koubek,,Jaroslav Zelený,jaroslav zeleny,DF,Sparta Prague,,,False,2026-06-11,2026-06-11
Czechia,CZE,UEFA,GROUP A,final,May 31,Miroslav Koubek,,Ladislav Krejčí,ladislav krejci,DF,Wolverhampton Wanderers,,,False,2026-06-11,2026-06-11
Czechia,CZE,UEFA,GROUP A,final,May 31,Miroslav Koubek,,Robin Hranáč,robin hranac,DF,TSG Hoffenheim,,,False,2026-06-11,2026-06-11
Czechia,CZE,UEFA,GROUP A,final,May 31,Miroslav Koubek,,Tomáš Holeš,tomas holes,DF,Slavia Prague,,,False,2026-06-11,2026-06-11
Czechia,CZE,UEFA,GROUP A,final,May 31,Miroslav Koubek,,Štěpán Chaloupek,stepan chaloupek,DF,Slavia Prague,,,False,2026-06-11,2026-06-11
Czechia,CZE,UEFA,GROUP A,final,May 31,Miroslav Koubek,294618,Lukás Provod,lukas provod,MF,Slavia Prague,,,False,2026-06-11,2026-06-11
Czechia,CZE,UEFA,GROUP A,final,May 31,Miroslav Koubek,326596,Lukás Cerv,lukas cerv,MF,Viktoria Plzen,,,False,2026-06-11,2026-06-11
Czechia,CZE,UEFA,GROUP A,final,May 31,Miroslav Koubek,,Alexandr Sojka,alexandr sojka,MF,Viktoria Plzen,,,False,2026-06-11,2026-06-11
Czechia,CZE,UEFA,GROUP A,final,May 31,Miroslav Koubek,,Hugo Sochůrek,hugo sochurek,MF,Sparta Prague,,,False,2026-06-11,2026-06-11
Czechia,CZE,UEFA,GROUP A,final,May 31,Miroslav Koubek,,Michal Sadílek,michal sadilek,MF,Slavia Prague,,,False,2026-06-11,2026-06-11
Czechia,CZE,UEFA,GROUP A,final,May 31,Miroslav Koubek,,Tomáš Souček,tomas soucek,MF,West Ham,,,False,2026-06-11,2026-06-11
Czechia,CZE,UEFA,GROUP A,final,May 31,Miroslav Koubek,,Vladimir Darida,vladimir darida,MF,Hradec Kralove,,,False,2026-06-11,2026-06-11
Czechia,CZE,UEFA,GROUP A,final,May 31,Miroslav Koubek,212330,Patrik Schick,patrik schick,FW,Bayer Leverkusen,,,False,2026-06-11,2026-06-11
Czechia,CZE,UEFA,GROUP A,final,May 31,Miroslav Koubek,306008,Jan Kuchta,jan kuchta,FW,Sparta Prague,,,False,2026-06-11,2026-06-11
Czechia,CZE,UEFA,GROUP A,final,May 31,Miroslav Koubek,,Adam Hložek,adam hlozek,FW,TSG Hoffenheim,,,False,2026-06-11,2026-06-11
Czechia,CZE,UEFA,GROUP A,final,May 31,Miroslav Koubek,,Denis Višinský,denis visinsky,FW,Viktoria Plzen,,,False,2026-06-11,2026-06-11
Czechia,CZE,UEFA,GROUP A,final,May 31,Miroslav Koubek,,Matej Vydra,matej vydra,FW,Viktoria Plzen,,,False,2026-06-11,2026-06-11
Czechia,CZE,UEFA,GROUP A,final,May 31,Miroslav Koubek,,Mojmír Chytil,mojmir chytil,FW,Slavia Prague,,,False,2026-06-11,2026-06-11
Czechia,CZE,UEFA,GROUP A,final,May 31,Miroslav Koubek,,Tomáš Chorý,tomas chory,FW,Slavia Prague,,,False,2026-06-11,2026-06-11
Ecuador,ECU,CONMEBOL,GROUP E,final,May 29,Sebastián Beccacece,131726,Gonzalo Valle,gonzalo valle,GK,LDU Quito,,,False,2026-06-11,2026-06-11
Ecuador,ECU,CONMEBOL,GROUP E,final,May 29,Sebastián Beccacece,207921,Hernán Galíndez,hernan galindez,GK,Huracan,,,False,2026-06-11,2026-06-11
Ecuador,ECU,CONMEBOL,GROUP E,final,May 29,Sebastián Beccacece,269881,Moisés Ramírez,moises ramirez,GK,AE Kifisias,,,False,2026-06-11,2026-06-11
Ecuador,ECU,CONMEBOL,GROUP E,final,May 29,Sebastián Beccacece,214689,Pervis Estupiñán,pervis estupinan,DF,AC Milan,,,False,2026-06-11,2026-06-11
Ecuador,ECU,CONMEBOL,GROUP E,final,May 29,Sebastián Beccacece,251963,Félix Torres,felix torres,DF,Internacional,,,False,2026-06-11,2026-06-11
Ecuador,ECU,CONMEBOL,GROUP E,final,May 29,Sebastián Beccacece,256560,Ángelo Preciado,angelo preciado,DF,Atlético Mineiro,,,False,2026-06-11,2026-06-11
Ecuador,ECU,CONMEBOL,GROUP E,final,May 29,Sebastián Beccacece,286665,Jackson Porozo,jackson porozo,DF,Club Tijuana,,,False,2026-06-11,2026-06-11
Ecuador,ECU,CONMEBOL,GROUP E,final,May 29,Sebastián Beccacece,287005,Willian Pacho,willian pacho,DF,Paris Saint-Germain,,,False,2026-06-11,2026-06-11
Ecuador,ECU,CONMEBOL,GROUP E,final,May 29,Sebastián Beccacece,292062,Piero Hincapié,piero hincapie,DF,Arsenal,,,False,2026-06-11,2026-06-11
Ecuador,ECU,CONMEBOL,GROUP E,final,May 29,Sebastián Beccacece,315600,Yaimar Medina,yaimar medina,DF,Racing Genk,,,False,2026-06-11,2026-06-11
Ecuador,ECU,CONMEBOL,GROUP E,final,May 29,Sebastián Beccacece,336589,Joel Ordóñez,joel ordonez,DF,Club Brugge,,,False,2026-06-11,2026-06-11
Ecuador,ECU,CONMEBOL,GROUP E,final,May 29,Sebastián Beccacece,262111,Alan Franco,alan franco,MF,Atlético Mineiro,,,False,2026-06-11,2026-06-11
Ecuador,ECU,CONMEBOL,GROUP E,final,May 29,Sebastián Beccacece,265926,John Yeboah,john yeboah,MF,Venezia,,,False,2026-06-11,2026-06-11
Ecuador,ECU,CONMEBOL,GROUP E,final,May 29,Sebastián Beccacece,270829,Jordy Alcivar,jordy alcivar,MF,Independiente del Valle,,,False,2026-06-11,2026-06-11
Ecuador,ECU,CONMEBOL,GROUP E,final,May 29,Sebastián Beccacece,277352,Gonzalo Plata,gonzalo plata,MF,Flamengo,,,False,2026-06-11,2026-06-11
Ecuador,ECU,CONMEBOL,GROUP E,final,May 29,Sebastián Beccacece,289877,Moisés Caicedo,moises caicedo,MF,Chelsea,,,False,2026-06-11,2026-06-11
Ecuador,ECU,CONMEBOL,GROUP E,final,May 29,Sebastián Beccacece,297150,Pedro Vite,pedro vite,MF,Pumas UNAM,,,False,2026-06-11,2026-06-11
Ecuador,ECU,CONMEBOL,GROUP E,final,May 29,Sebastián Beccacece,318090,Nilson Angulo,nilson angulo,MF,Sunderland,,,False,2026-06-11,2026-06-11
Ecuador,ECU,CONMEBOL,GROUP E,final,May 29,Sebastián Beccacece,319422,Alan Minda,alan minda,MF,Atlético Mineiro,,,False,2026-06-11,2026-06-11
Ecuador,ECU,CONMEBOL,GROUP E,final,May 29,Sebastián Beccacece,328742,Denil Castillo,denil castillo,MF,FC Midtjylland,,,False,2026-06-11,2026-06-11
Ecuador,ECU,CONMEBOL,GROUP E,final,May 29,Sebastián Beccacece,358746,Kendry Páez,kendry paez,MF,River Plate,,,False,2026-06-11,2026-06-11
Ecuador,ECU,CONMEBOL,GROUP E,final,May 29,Sebastián Beccacece,171771,Enner Valencia,enner valencia,FW,Pachuca,,,False,2026-06-11,2026-06-11
Ecuador,ECU,CONMEBOL,GROUP E,final,May 29,Sebastián Beccacece,217079,Jordy Caicedo,jordy caicedo,FW,Huracán,,,False,2026-06-11,2026-06-11
Ecuador,ECU,CONMEBOL,GROUP E,final,May 29,Sebastián Beccacece,281316,Kevin Rodríguez,kevin rodriguez,FW,Union St.-Gilloise,,,False,2026-06-11,2026-06-11
Ecuador,ECU,CONMEBOL,GROUP E,final,May 29,Sebastián Beccacece,303328,Anthony Valencia,anthony valencia,FW,Antwerp,,,False,2026-06-11,2026-06-11
Ecuador,ECU,CONMEBOL,GROUP E,final,May 29,Sebastián Beccacece,367725,Jeremy Arévalo,jeremy arevalo,FW,VfB Stuttgart,,,False,2026-06-11,2026-06-11
Egypt,EGY,CAF,GROUP G,final,May 29,Hossam Hassan,205212,Mohamed El Shenawy,mohamed el shenawy,GK,Al Ahly,,,False,2026-06-11,2026-06-11
Egypt,EGY,CAF,GROUP G,final,May 29,Hossam Hassan,265426,El Mahdy Soliman,el mahdy soliman,GK,Zamalek,,,False,2026-06-11,2026-06-11
Egypt,EGY,CAF,GROUP G,final,May 29,Hossam Hassan,308915,Mostafa Shobeir,mostafa shobeir,GK,Al Ahly,,,False,2026-06-11,2026-06-11
Egypt,EGY,CAF,GROUP G,final,May 29,Hossam Hassan,,Mohamed Alaa,mohamed alaa,GK,El Gouna,,,False,2026-06-11,2026-06-11
Egypt,EGY,CAF,GROUP G,final,May 29,Hossam Hassan,119993,Mohamed Hany,mohamed hany,DF,Al Ahly,,,False,2026-06-11,2026-06-11
Egypt,EGY,CAF,GROUP G,final,May 29,Hossam Hassan,187571,Ramy Rabia,ramy rabia,DF,Al Ain,,,False,2026-06-11,2026-06-11
Egypt,EGY,CAF,GROUP G,final,May 29,Hossam Hassan,236957,Mohamed Abdelmonem,mohamed abdelmonem,DF,Nice,,,False,2026-06-11,2026-06-11
Egypt,EGY,CAF,GROUP G,final,May 29,Hossam Hassan,265176,Ahmed Fatouh,ahmed fatouh,DF,Zamalek,,,False,2026-06-11,2026-06-11
Egypt,EGY,CAF,GROUP G,final,May 29,Hossam Hassan,265417,Yasser Ibrahim,yasser ibrahim,DF,Al Ahly,,,False,2026-06-11,2026-06-11
Egypt,EGY,CAF,GROUP G,final,May 29,Hossam Hassan,285057,Hamdy Fathy,hamdy fathy,DF,Al Wakrah,,,False,2026-06-11,2026-06-11
Egypt,EGY,CAF,GROUP G,final,May 29,Hossam Hassan,308926,Hossam Abdelmaguid,hossam abdelmaguid,DF,Zamalek,,,False,2026-06-11,2026-06-11
Egypt,EGY,CAF,GROUP G,final,May 29,Hossam Hassan,393565,Tarek Alaa,tarek alaa,DF,Zamalek,,,False,2026-06-11,2026-06-11
Egypt,EGY,CAF,GROUP G,final,May 29,Hossam Hassan,,Karim Hafez,karim hafez,DF,Pyramids,,,False,2026-06-11,2026-06-11
Egypt,EGY,CAF,GROUP G,final,May 29,Hossam Hassan,157825,Mahmoud Trezeguet,mahmoud trezeguet,MF,Al Ahly,,,False,2026-06-11,2026-06-11
Egypt,EGY,CAF,GROUP G,final,May 29,Hossam Hassan,195154,Ahmed Zizo,ahmed zizo,MF,Al Ahly,,,False,2026-06-11,2026-06-11
Egypt,EGY,CAF,GROUP G,final,May 29,Hossam Hassan,276440,Haissem Hassan,haissem hassan,MF,Real Oviedo,,,False,2026-06-11,2026-06-11
Egypt,EGY,CAF,GROUP G,final,May 29,Hossam Hassan,287177,Nabil Emad,nabil emad,MF,Al Najma,,,False,2026-06-11,2026-06-11
Egypt,EGY,CAF,GROUP G,final,May 29,Hossam Hassan,299365,Emam Ashour,emam ashour,MF,Al Ahly,,,False,2026-06-11,2026-06-11
Egypt,EGY,CAF,GROUP G,final,May 29,Hossam Hassan,299619,Ibrahim Adel,ibrahim adel,MF,Nordsjaelland,,,False,2026-06-11,2026-06-11
Egypt,EGY,CAF,GROUP G,final,May 29,Hossam Hassan,314444,Mahmoud Saber,mahmoud saber,MF,Zed,,,False,2026-06-11,2026-06-11
Egypt,EGY,CAF,GROUP G,final,May 29,Hossam Hassan,328932,Mohanad Lasheen,mohanad lasheen,MF,Pyramids,,,False,2026-06-11,2026-06-11
Egypt,EGY,CAF,GROUP G,final,May 29,Hossam Hassan,357112,Marwan Attia,marwan attia,MF,Al Ahly,,,False,2026-06-11,2026-06-11
Egypt,EGY,CAF,GROUP G,final,May 29,Hossam Hassan,378495,Mostafa Ziko,mostafa ziko,MF,Pyramids,,,False,2026-06-11,2026-06-11
Egypt,EGY,CAF,GROUP G,final,May 29,Hossam Hassan,173896,Mohamed Salah,mohamed salah,FW,Liverpool,,,False,2026-06-11,2026-06-11
Egypt,EGY,CAF,GROUP G,final,May 29,Hossam Hassan,303745,Omar Marmoush,omar marmoush,FW,Manchester City,,,False,2026-06-11,2026-06-11
Egypt,EGY,CAF,GROUP G,final,May 29,Hossam Hassan,399200,Hamza Abdelkarim,hamza abdelkarim,FW,Barcelona B,,,False,2026-06-11,2026-06-11
England,ENG,UEFA,GROUP L,final,May 22,Thomas Tuchel,159443,Jordan Pickford,jordan pickford,GK,Everton,,,False,2026-06-11,2026-06-11
England,ENG,UEFA,GROUP L,final,May 22,Thomas Tuchel,234172,Dean Henderson,dean henderson,GK,Crystal Palace,,,False,2026-06-11,2026-06-11
England,ENG,UEFA,GROUP L,final,May 22,Thomas Tuchel,307118,James Trafford,james trafford,GK,Manchester City,,,False,2026-06-11,2026-06-11
England,ENG,UEFA,GROUP L,final,May 22,Thomas Tuchel,157974,John Stones,john stones,DF,Manchester City,,,False,2026-06-11,2026-06-11
England,ENG,UEFA,GROUP L,final,May 22,Thomas Tuchel,189007,Reece James,reece james,DF,Chelsea,,,False,2026-06-11,2026-06-11
England,ENG,UEFA,GROUP L,final,May 22,Thomas Tuchel,198138,Dan Burn,dan burn,DF,Newcastle United,,,False,2026-06-11,2026-06-11
England,ENG,UEFA,GROUP L,final,May 22,Thomas Tuchel,231859,Ezri Konsa,ezri konsa,DF,Aston Villa,,,False,2026-06-11,2026-06-11
England,ENG,UEFA,GROUP L,final,May 22,Thomas Tuchel,265907,Marc Guéhi,marc guehi,DF,Manchester City,,,False,2026-06-11,2026-06-11
England,ENG,UEFA,GROUP L,final,May 22,Thomas Tuchel,267711,Djed Spence,djed spence,DF,Tottenham Hotspur,,,False,2026-06-11,2026-06-11
England,ENG,UEFA,GROUP L,final,May 22,Thomas Tuchel,298524,Jarell Quansah,jarell quansah,DF,Bayer Leverkusen,,,False,2026-06-11,2026-06-11
England,ENG,UEFA,GROUP L,final,May 22,Thomas Tuchel,299641,Tino Livramento,tino livramento,DF,Newcastle United,,,False,2026-06-11,2026-06-11
England,ENG,UEFA,GROUP L,final,May 22,Thomas Tuchel,328464,Nico O'Reilly,nico o reilly,DF,Manchester City,,,False,2026-06-11,2026-06-11
England,ENG,UEFA,GROUP L,final,May 22,Thomas Tuchel,127262,Jordan Henderson,jordan henderson,MF,Brentford,,,False,2026-06-11,2026-06-11
England,ENG,UEFA,GROUP L,final,May 22,Thomas Tuchel,238262,Declan Rice,declan rice,MF,Arsenal,,,False,2026-06-11,2026-06-11
England,ENG,UEFA,GROUP L,final,May 22,Thomas Tuchel,238472,Elliot Anderson,elliot anderson,MF,Nottingham Forest,,,False,2026-06-11,2026-06-11
England,ENG,UEFA,GROUP L,final,May 22,Thomas Tuchel,251400,Eberechi Eze,eberechi eze,MF,Arsenal,,,False,2026-06-11,2026-06-11
England,ENG,UEFA,GROUP L,final,May 22,Thomas Tuchel,265653,Morgan Rogers,morgan rogers,MF,Aston Villa,,,False,2026-06-11,2026-06-11
England,ENG,UEFA,GROUP L,final,May 22,Thomas Tuchel,291281,Jude Bellingham,jude bellingham,MF,Real Madrid,,,False,2026-06-11,2026-06-11
England,ENG,UEFA,GROUP L,final,May 22,Thomas Tuchel,328466,Kobbie Mainoo,kobbie mainoo,MF,Manchester United,,,False,2026-06-11,2026-06-11
England,ENG,UEFA,GROUP L,final,May 22,Thomas Tuchel,142200,Harry Kane,harry kane,FW,Bayern Munich,,,False,2026-06-11,2026-06-11
England,ENG,UEFA,GROUP L,final,May 22,Thomas Tuchel,180639,Ivan Toney,ivan toney,FW,Al-Ahli,,,False,2026-06-11,2026-06-11
England,ENG,UEFA,GROUP L,final,May 22,Thomas Tuchel,198825,Ollie Watkins,ollie watkins,FW,Aston Villa,,,False,2026-06-11,2026-06-11
England,ENG,UEFA,GROUP L,final,May 22,Thomas Tuchel,230945,Marcus Rashford,marcus rashford,FW,Manchester United,,,False,2026-06-11,2026-06-11
England,ENG,UEFA,GROUP L,final,May 22,Thomas Tuchel,268782,Anthony Gordon,anthony gordon,FW,Newcastle United,,,False,2026-06-11,2026-06-11
England,ENG,UEFA,GROUP L,final,May 22,Thomas Tuchel,280555,Bukayo Saka,bukayo saka,FW,Arsenal,,,False,2026-06-11,2026-06-11
England,ENG,UEFA,GROUP L,final,May 22,Thomas Tuchel,293236,Noni Madueke,noni madueke,FW,Arsenal,,,False,2026-06-11,2026-06-11
Spain,ESP,UEFA,GROUP H,final,May 25,Luis de la Fuente,196176,David Raya,david raya,GK,Arsenal,,,False,2026-06-11,2026-06-11
Spain,ESP,UEFA,GROUP H,final,May 25,Luis de la Fuente,222375,Unai Simón,unai simon,GK,Athletic Club,,,False,2026-06-11,2026-06-11
Spain,ESP,UEFA,GROUP H,final,May 25,Luis de la Fuente,297362,Joan García,joan garcia,GK,Barcelona,,,False,2026-06-11,2026-06-11
Spain,ESP,UEFA,GROUP H,final,May 25,Luis de la Fuente,128714,Eric García,eric garcia,DF,Barcelona,,,False,2026-06-11,2026-06-11
Spain,ESP,UEFA,GROUP H,final,May 25,Luis de la Fuente,159317,Aymeric Laporte,aymeric laporte,DF,Athletic Club,,,False,2026-06-11,2026-06-11
Spain,ESP,UEFA,GROUP H,final,May 25,Luis de la Fuente,206474,Marcos Llorente,marcos llorente,DF,Atlético Madrid,,,False,2026-06-11,2026-06-11
Spain,ESP,UEFA,GROUP H,final,May 25,Luis de la Fuente,259910,Marc Cucurella,marc cucurella,DF,Chelsea,,,False,2026-06-11,2026-06-11
Spain,ESP,UEFA,GROUP H,final,May 25,Luis de la Fuente,268533,Pedro Porro,pedro porro,DF,Tottenham Hotspur,,,False,2026-06-11,2026-06-11
Spain,ESP,UEFA,GROUP H,final,May 25,Luis de la Fuente,332613,Marc Pubill,marc pubill,DF,Atlético Madrid,,,False,2026-06-11,2026-06-11
Spain,ESP,UEFA,GROUP H,final,May 25,Luis de la Fuente,368992,Pau Cubarsí,pau cubarsi,DF,Barcelona,,,False,2026-06-11,2026-06-11
Spain,ESP,UEFA,GROUP H,final,May 25,Luis de la Fuente,,Álex Grimaldo,alex grimaldo,DF,Bayer Leverkusen,,,False,2026-06-11,2026-06-11
Spain,ESP,UEFA,GROUP H,final,May 25,Luis de la Fuente,209581,Mikel Merino,mikel merino,MF,Arsenal,,,False,2026-06-11,2026-06-11
Spain,ESP,UEFA,GROUP H,final,May 25,Luis de la Fuente,214596,Fabián Ruiz,fabian ruiz,MF,PSG,,,False,2026-06-11,2026-06-11
Spain,ESP,UEFA,GROUP H,final,May 25,Luis de la Fuente,287266,Martín Zubimendi,martin zubimendi,MF,Arsenal,,,False,2026-06-11,2026-06-11
Spain,ESP,UEFA,GROUP H,final,May 25,Luis de la Fuente,297373,Álex Baena,alex baena,MF,Atlético Madrid,,,False,2026-06-11,2026-06-11
Spain,ESP,UEFA,GROUP H,final,May 25,Luis de la Fuente,323702,Gavi,gavi,MF,Barcelona,,,False,2026-06-11,2026-06-11
Spain,ESP,UEFA,GROUP H,final,May 25,Luis de la Fuente,,Pedri,pedri,MF,Barcelona,,,False,2026-06-11,2026-06-11
Spain,ESP,UEFA,GROUP H,final,May 25,Luis de la Fuente,,Rodri,rodri,MF,Manchester City,,,False,2026-06-11,2026-06-11
Spain,ESP,UEFA,GROUP H,final,May 25,Luis de la Fuente,214995,Borja Iglesias,borja iglesias,FW,Celta Vigo,,,False,2026-06-11,2026-06-11
Spain,ESP,UEFA,GROUP H,final,May 25,Luis de la Fuente,227765,Dani Olmo,dani olmo,FW,Barcelona,,,False,2026-06-11,2026-06-11
Spain,ESP,UEFA,GROUP H,final,May 25,Luis de la Fuente,229018,Mikel Oyarzabal,mikel oyarzabal,FW,Real Sociedad,,,False,2026-06-11,2026-06-11
Spain,ESP,UEFA,GROUP H,final,May 25,Luis de la Fuente,265869,Ferran Torres,ferran torres,FW,Barcelona,,,False,2026-06-11,2026-06-11
Spain,ESP,UEFA,GROUP H,final,May 25,Luis de la Fuente,297370,Yéremy Pino,yeremy pino,FW,Crystal Palace,,,False,2026-06-11,2026-06-11
Spain,ESP,UEFA,GROUP H,final,May 25,Luis de la Fuente,312146,Nico Williams,nico williams,FW,Athletic Club,,,False,2026-06-11,2026-06-11
Spain,ESP,UEFA,GROUP H,final,May 25,Luis de la Fuente,362150,Lamine Yamal,lamine yamal,FW,Barcelona,,,False,2026-06-11,2026-06-11
Spain,ESP,UEFA,GROUP H,final,May 25,Luis de la Fuente,397545,Víctor Muñoz,victor munoz,FW,Osasuna,,,False,2026-06-11,2026-06-11
France,FRA,UEFA,GROUP I,final,May 14,Didier Deschamps,164126,Brice Samba,brice samba,GK,Rennes,,,False,2026-06-11,2026-06-11
France,FRA,UEFA,GROUP I,final,May 14,Didier Deschamps,189026,Mike Maignan,mike maignan,GK,AC Milan,,,False,2026-06-11,2026-06-11
France,FRA,UEFA,GROUP I,final,May 14,Didier Deschamps,344517,Robin Risser,robin risser,GK,Lens,,,False,2026-06-11,2026-06-11
France,FRA,UEFA,GROUP I,final,May 14,Didier Deschamps,160115,Lucas Digne,lucas digne,DF,Aston Villa,,,False,2026-06-11,2026-06-11
France,FRA,UEFA,GROUP I,final,May 14,Didier Deschamps,196200,Lucas Hernández,lucas hernandez,DF,Paris Saint-Germain,,,False,2026-06-11,2026-06-11
France,FRA,UEFA,GROUP I,final,May 14,Didier Deschamps,222793,Dayot Upamecano,dayot upamecano,DF,Bayern Munich,,,False,2026-06-11,2026-06-11
France,FRA,UEFA,GROUP I,final,May 14,Didier Deschamps,231692,Jules Koundé,jules kounde,DF,Barcelona,,,False,2026-06-11,2026-06-11
France,FRA,UEFA,GROUP I,final,May 14,Didier Deschamps,233621,Theo Hernández,theo hernandez,DF,Al Hilal,,,False,2026-06-11,2026-06-11
France,FRA,UEFA,GROUP I,final,May 14,Didier Deschamps,251634,Ibrahima Konaté,ibrahima konate,DF,Liverpool,,,False,2026-06-11,2026-06-11
France,FRA,UEFA,GROUP I,final,May 14,Didier Deschamps,265918,Maxence Lacroix,maxence lacroix,DF,Crystal Palace,,,False,2026-06-11,2026-06-11
France,FRA,UEFA,GROUP I,final,May 14,Didier Deschamps,277385,William Saliba,william saliba,DF,Arsenal,,,False,2026-06-11,2026-06-11
France,FRA,UEFA,GROUP I,final,May 14,Didier Deschamps,308947,Malo Gusto,malo gusto,DF,Chelsea,,,False,2026-06-11,2026-06-11
France,FRA,UEFA,GROUP I,final,May 14,Didier Deschamps,173556,N'Golo Kanté,n golo kante,MF,Fenerbahçe,,,False,2026-06-11,2026-06-11
France,FRA,UEFA,GROUP I,final,May 14,Didier Deschamps,176203,Adrien Rabiot,adrien rabiot,MF,AC Milan,,,False,2026-06-11,2026-06-11
France,FRA,UEFA,GROUP I,final,May 14,Didier Deschamps,265919,Aurélien Tchouaméni,aurelien tchouameni,MF,Real Madrid,,,False,2026-06-11,2026-06-11
France,FRA,UEFA,GROUP I,final,May 14,Didier Deschamps,285226,Manu Koné,manu kone,MF,AS Roma,,,False,2026-06-11,2026-06-11
France,FRA,UEFA,GROUP I,final,May 14,Didier Deschamps,345581,Warren Zaïre-Emery,warren zaire-emery,MF,Paris Saint-Germain,,,False,2026-06-11,2026-06-11
France,FRA,UEFA,GROUP I,final,May 14,Didier Deschamps,217331,Marcus Thuram,marcus thuram,FW,Internazionale,,,False,2026-06-11,2026-06-11
France,FRA,UEFA,GROUP I,final,May 14,Didier Deschamps,229744,Ousmane Dembélé,ousmane dembele,FW,Paris Saint-Germain,,,False,2026-06-11,2026-06-11
France,FRA,UEFA,GROUP I,final,May 14,Didier Deschamps,231388,Kylian Mbappé,kylian mbappe,FW,Real Madrid,,,False,2026-06-11,2026-06-11
France,FRA,UEFA,GROUP I,final,May 14,Didier Deschamps,241187,Jean-Philippe Mateta,jean-philippe mateta,FW,Crystal Palace,,,False,2026-06-11,2026-06-11
France,FRA,UEFA,GROUP I,final,May 14,Didier Deschamps,286831,Michael Olise,michael olise,FW,Bayern Munich,,,False,2026-06-11,2026-06-11
France,FRA,UEFA,GROUP I,final,May 14,Didier Deschamps,298008,Rayan Cherki,rayan cherki,FW,Manchester City,,,False,2026-06-11,2026-06-11
France,FRA,UEFA,GROUP I,final,May 14,Didier Deschamps,328238,Bradley Barcola,bradley barcola,FW,Paris Saint-Germain,,,False,2026-06-11,2026-06-11
France,FRA,UEFA,GROUP I,final,May 14,Didier Deschamps,329690,Maghnes Akliouche,maghnes akliouche,FW,AS Monaco,,,False,2026-06-11,2026-06-11
France,FRA,UEFA,GROUP I,final,May 14,Didier Deschamps,336388,Désiré Doué,desire doue,FW,Paris Saint-Germain,,,False,2026-06-11,2026-06-11
Germany,GER,UEFA,GROUP E,final,May 21,Julian Nagelsmann,138213,Oliver Baumann,oliver baumann,GK,Hoffenheim,,,False,2026-06-11,2026-06-11
Germany,GER,UEFA,GROUP E,final,May 21,Julian Nagelsmann,205750,Alexander Nübel,alexander nubel,GK,Stuttgart,,,False,2026-06-11,2026-06-11
Germany,GER,UEFA,GROUP E,final,May 21,Julian Nagelsmann,84774,Manuel Neuer,manuel neuer,GK,Bayern Munich,,,False,2026-06-11,2026-06-11
Germany,GER,UEFA,GROUP E,final,May 21,Julian Nagelsmann,120829,Nathaniel Brown,nathaniel brown,DF,Eintracht Frankfurt,,,False,2026-06-11,2026-06-11
Germany,GER,UEFA,GROUP E,final,May 21,Julian Nagelsmann,169438,Antonio Rüdiger,antonio rudiger,DF,Real Madrid,,,False,2026-06-11,2026-06-11
Germany,GER,UEFA,GROUP E,final,May 21,Julian Nagelsmann,188052,Jonathan Tah,jonathan tah,DF,Bayern Munich,,,False,2026-06-11,2026-06-11
Germany,GER,UEFA,GROUP E,final,May 21,Julian Nagelsmann,220714,Waldemar Anton,waldemar anton,DF,Borussia Dortmund,,,False,2026-06-11,2026-06-11
Germany,GER,UEFA,GROUP E,final,May 21,Julian Nagelsmann,249548,David Raum,david raum,DF,RB Leipzig,,,False,2026-06-11,2026-06-11
Germany,GER,UEFA,GROUP E,final,May 21,Julian Nagelsmann,286828,Nico Schlotterbeck,nico schlotterbeck,DF,Borussia Dortmund,,,False,2026-06-11,2026-06-11
Germany,GER,UEFA,GROUP E,final,May 21,Julian Nagelsmann,303444,Malick Thiaw,malick thiaw,DF,Newcastle,,,False,2026-06-11,2026-06-11
Germany,GER,UEFA,GROUP E,final,May 21,Julian Nagelsmann,132659,Pascal Gross,pascal gross,MF,Brighton,,,False,2026-06-11,2026-06-11
Germany,GER,UEFA,GROUP E,final,May 21,Julian Nagelsmann,174550,Leon Goretzka,leon goretzka,MF,Bayern Munich,,,False,2026-06-11,2026-06-11
Germany,GER,UEFA,GROUP E,final,May 21,Julian Nagelsmann,190161,Joshua Kimmich,joshua kimmich,MF,Bayern Munich,,,False,2026-06-11,2026-06-11
Germany,GER,UEFA,GROUP E,final,May 21,Julian Nagelsmann,281122,Felix Nmecha,felix nmecha,MF,Borussia Dortmund,,,False,2026-06-11,2026-06-11
Germany,GER,UEFA,GROUP E,final,May 21,Julian Nagelsmann,290232,Angelo Stiller,angelo stiller,MF,Stuttgart,,,False,2026-06-11,2026-06-11
Germany,GER,UEFA,GROUP E,final,May 21,Julian Nagelsmann,290811,Jamie Leweling,jamie leweling,MF,Stuttgart,,,False,2026-06-11,2026-06-11
Germany,GER,UEFA,GROUP E,final,May 21,Julian Nagelsmann,303748,Florian Wirtz,florian wirtz,MF,Liverpool,,,False,2026-06-11,2026-06-11
Germany,GER,UEFA,GROUP E,final,May 21,Julian Nagelsmann,359370,Aleksandar Pavlovic,aleksandar pavlovic,MF,Bayern Munich,,,False,2026-06-11,2026-06-11
Germany,GER,UEFA,GROUP E,final,May 21,Julian Nagelsmann,202641,Leroy Sané,leroy sane,FW,Galatasaray,,,False,2026-06-11,2026-06-11
Germany,GER,UEFA,GROUP E,final,May 21,Julian Nagelsmann,231182,Kai Havertz,kai havertz,FW,Arsenal,,,False,2026-06-11,2026-06-11
Germany,GER,UEFA,GROUP E,final,May 21,Julian Nagelsmann,273300,Deniz Undav,deniz undav,FW,Stuttgart,,,False,2026-06-11,2026-06-11
Germany,GER,UEFA,GROUP E,final,May 21,Julian Nagelsmann,290639,Maximilian Beier,maximilian beier,FW,Borussia Dortmund,,,False,2026-06-11,2026-06-11
Germany,GER,UEFA,GROUP E,final,May 21,Julian Nagelsmann,298349,Nick Woltemade,nick woltemade,FW,Newcastle,,,False,2026-06-11,2026-06-11
Germany,GER,UEFA,GROUP E,final,May 21,Julian Nagelsmann,303821,Jamal Musiala,jamal musiala,FW,Bayern Munich,,,False,2026-06-11,2026-06-11
Germany,GER,UEFA,GROUP E,final,May 21,Julian Nagelsmann,402841,Lennart Karl,lennart karl,FW,Bayern Munich,,,False,2026-06-11,2026-06-11
Ghana,GHA,CAF,GROUP L,final,June 1,Carlos Queiroz,219562,Lawrence Ati-Zigi,lawrence ati-zigi,GK,St Gallen,,,False,2026-06-11,2026-06-11
Ghana,GHA,CAF,GROUP L,final,June 1,Carlos Queiroz,280808,Joseph Anang,joseph anang,GK,St Patrick's Athletic,,,False,2026-06-11,2026-06-11
Ghana,GHA,CAF,GROUP L,final,June 1,Carlos Queiroz,378501,Benjamin Asare,benjamin asare,GK,Accra Hearts of Oak SC,,,False,2026-06-11,2026-06-11
Ghana,GHA,CAF,GROUP L,final,June 1,Carlos Queiroz,174508,Baba Abdul Rahman,baba abdul rahman,DF,PAOK Salonika,,,False,2026-06-11,2026-06-11
Ghana,GHA,CAF,GROUP L,final,June 1,Carlos Queiroz,205737,Derrick Luckassen,derrick luckassen,DF,Pafos,,,False,2026-06-11,2026-06-11
Ghana,GHA,CAF,GROUP L,final,June 1,Carlos Queiroz,241139,Abdul Mumin,abdul mumin,DF,Rayo Vallecano,,,False,2026-06-11,2026-06-11
Ghana,GHA,CAF,GROUP L,final,June 1,Carlos Queiroz,261505,Jerome Opoku,jerome opoku,DF,Istanbul Basaksehir,,,False,2026-06-11,2026-06-11
Ghana,GHA,CAF,GROUP L,final,June 1,Carlos Queiroz,264484,Gideon Mensah,gideon mensah,DF,AJ Auxerre,,,False,2026-06-11,2026-06-11
Ghana,GHA,CAF,GROUP L,final,June 1,Carlos Queiroz,305669,Alidu Seidu,alidu seidu,DF,Stade Rennais,,,False,2026-06-11,2026-06-11
Ghana,GHA,CAF,GROUP L,final,June 1,Carlos Queiroz,309638,Marvin Senaya,marvin senaya,DF,AJ Auxerre,,,False,2026-06-11,2026-06-11
Ghana,GHA,CAF,GROUP L,final,June 1,Carlos Queiroz,341627,Jonas Adjetey,jonas adjetey,DF,VfL Wolfsburg,,,False,2026-06-11,2026-06-11
Ghana,GHA,CAF,GROUP L,final,June 1,Carlos Queiroz,357205,Kojo Oppong Peprah,kojo oppong peprah,DF,Nice,,,False,2026-06-11,2026-06-11
Ghana,GHA,CAF,GROUP L,final,June 1,Carlos Queiroz,189972,Thomas Partey,thomas partey,MF,Villarreal,,,False,2026-06-11,2026-06-11
Ghana,GHA,CAF,GROUP L,final,June 1,Carlos Queiroz,266057,Elisha Owusu,elisha owusu,MF,AJ Auxerre,,,False,2026-06-11,2026-06-11
Ghana,GHA,CAF,GROUP L,final,June 1,Carlos Queiroz,274697,Kwasi Sibo,kwasi sibo,MF,Real Oviedo,,,False,2026-06-11,2026-06-11
Ghana,GHA,CAF,GROUP L,final,June 1,Carlos Queiroz,318680,Abdul Fatawu Issahaku,abdul fatawu issahaku,MF,Leicester City,,,False,2026-06-11,2026-06-11
Ghana,GHA,CAF,GROUP L,final,June 1,Carlos Queiroz,326183,Augustine Boakye,augustine boakye,MF,Saint-Étienne,,,False,2026-06-11,2026-06-11
Ghana,GHA,CAF,GROUP L,final,June 1,Carlos Queiroz,387659,Caleb Yirenkyi,caleb yirenkyi,MF,FC Nordsjælland,,,False,2026-06-11,2026-06-11
Ghana,GHA,CAF,GROUP L,final,June 1,Carlos Queiroz,123518,Jordan Ayew,jordan ayew,FW,Leicester City,,,False,2026-06-11,2026-06-11
Ghana,GHA,CAF,GROUP L,final,June 1,Carlos Queiroz,214412,Iñaki Williams,inaki williams,FW,Athletic Club,,,False,2026-06-11,2026-06-11
Ghana,GHA,CAF,GROUP L,final,June 1,Carlos Queiroz,240495,Brandon Thomas-Asante,brandon thomas-asante,FW,Coventry City,,,False,2026-06-11,2026-06-11
Ghana,GHA,CAF,GROUP L,final,June 1,Carlos Queiroz,273292,Antoine Semenyo,antoine semenyo,FW,Manchester City,,,False,2026-06-11,2026-06-11
Ghana,GHA,CAF,GROUP L,final,June 1,Carlos Queiroz,303115,Kamal Deen Sulemana,kamal deen sulemana,FW,Atalanta,,,False,2026-06-11,2026-06-11
Ghana,GHA,CAF,GROUP L,final,June 1,Carlos Queiroz,333310,Ernest Nuamah,ernest nuamah,FW,Lyon,,,False,2026-06-11,2026-06-11
Ghana,GHA,CAF,GROUP L,final,June 1,Carlos Queiroz,360279,Christopher Bonsu Baah,christopher bonsu baah,FW,Al Qadsiah,,,False,2026-06-11,2026-06-11
Ghana,GHA,CAF,GROUP L,final,June 1,Carlos Queiroz,387861,Prince Kwabena Adu,prince kwabena adu,FW,Viktoria Plzen,,,False,2026-06-11,2026-06-11
Haiti,HAI,CONCACAF,GROUP C,final,May 15,Sebastien Migne,274131,Josue Duverger,josue duverger,GK,Cosmos Koblenz,,,False,2026-06-11,2026-06-11
Haiti,HAI,CONCACAF,GROUP C,final,May 15,Sebastien Migne,310715,Alexandre Pierre,alexandre pierre,GK,Sochaux,,,False,2026-06-11,2026-06-11
Haiti,HAI,CONCACAF,GROUP C,final,May 15,Sebastien Migne,89090,Johny Placide,johny placide,GK,Bastia,,,False,2026-06-11,2026-06-11
Haiti,HAI,CONCACAF,GROUP C,final,May 15,Sebastien Migne,188106,Ricardo Adé,ricardo ade,DF,LDU Quito,,,False,2026-06-11,2026-06-11
Haiti,HAI,CONCACAF,GROUP C,final,May 15,Sebastien Migne,218703,Carlens Arcus,carlens arcus,DF,Angers,,,False,2026-06-11,2026-06-11
Haiti,HAI,CONCACAF,GROUP C,final,May 15,Sebastien Migne,235401,Duke Lacroix,duke lacroix,DF,Colorado Springs Switchbacks,,,False,2026-06-11,2026-06-11
Haiti,HAI,CONCACAF,GROUP C,final,May 15,Sebastien Migne,241032,Jean-Kévin Duverne,jean-kevin duverne,DF,Gent,,,False,2026-06-11,2026-06-11
Haiti,HAI,CONCACAF,GROUP C,final,May 15,Sebastien Migne,252521,Hannes Delcroix,hannes delcroix,DF,Lugano,,,False,2026-06-11,2026-06-11
Haiti,HAI,CONCACAF,GROUP C,final,May 15,Sebastien Migne,320212,Martin Expérience,martin experience,DF,Nancy,,,False,2026-06-11,2026-06-11
Haiti,HAI,CONCACAF,GROUP C,final,May 15,Sebastien Migne,385479,Wilguens Paugain,wilguens paugain,DF,Zulte Waregem,,,False,2026-06-11,2026-06-11
Haiti,HAI,CONCACAF,GROUP C,final,May 15,Sebastien Migne,409965,Keeto Thermoncy,keeto thermoncy,DF,Young Boys,,,False,2026-06-11,2026-06-11
Haiti,HAI,CONCACAF,GROUP C,final,May 15,Sebastien Migne,240369,Jean-Ricner Bellegarde,jean-ricner bellegarde,MF,Wolverhampton Wanderers,,,False,2026-06-11,2026-06-11
Haiti,HAI,CONCACAF,GROUP C,final,May 15,Sebastien Migne,268134,Leverton Pierre,leverton pierre,MF,Vizela,,,False,2026-06-11,2026-06-11
Haiti,HAI,CONCACAF,GROUP C,final,May 15,Sebastien Migne,297177,Carl Fred Sainté,carl fred sainte,MF,El Paso Locomotive,,,False,2026-06-11,2026-06-11
Haiti,HAI,CONCACAF,GROUP C,final,May 15,Sebastien Migne,333939,Danley Jean Jacques,danley jean jacques,MF,Philadelphia Union,,,False,2026-06-11,2026-06-11
Haiti,HAI,CONCACAF,GROUP C,final,May 15,Sebastien Migne,342631,Dominique Simon,dominique simon,MF,FC Tatran Prešov,,,False,2026-06-11,2026-06-11
Haiti,HAI,CONCACAF,GROUP C,final,May 15,Sebastien Migne,359946,Woodensky Pierre,woodensky pierre,MF,Violette,,,False,2026-06-11,2026-06-11
Haiti,HAI,CONCACAF,GROUP C,final,May 15,Sebastien Migne,210778,Duckens Nazon,duckens nazon,FW,Esteghlal,,,False,2026-06-11,2026-06-11
Haiti,HAI,CONCACAF,GROUP C,final,May 15,Sebastien Migne,231098,Derrick Etienne,derrick etienne,FW,Toronto FC,,,False,2026-06-11,2026-06-11
Haiti,HAI,CONCACAF,GROUP C,final,May 15,Sebastien Migne,250241,Frantzdy Pierrot,frantzdy pierrot,FW,Çaykur Rizespor,,,False,2026-06-11,2026-06-11
Haiti,HAI,CONCACAF,GROUP C,final,May 15,Sebastien Migne,265915,Wilson Isidor,wilson isidor,FW,Sunderland,,,False,2026-06-11,2026-06-11
Haiti,HAI,CONCACAF,GROUP C,final,May 15,Sebastien Migne,275007,Yassin Fortuné,yassin fortune,FW,Vizela,,,False,2026-06-11,2026-06-11
Haiti,HAI,CONCACAF,GROUP C,final,May 15,Sebastien Migne,291608,Don Deedson Louicius,don deedson louicius,FW,FC Dallas,,,False,2026-06-11,2026-06-11
Haiti,HAI,CONCACAF,GROUP C,final,May 15,Sebastien Migne,301093,Lenny Joseph,lenny joseph,FW,Ferencváros,,,False,2026-06-11,2026-06-11
Haiti,HAI,CONCACAF,GROUP C,final,May 15,Sebastien Migne,304212,Josué Casimir,josue casimir,FW,Auxerre,,,False,2026-06-11,2026-06-11
Haiti,HAI,CONCACAF,GROUP C,final,May 15,Sebastien Migne,307861,Ruben Providence,ruben providence,FW,Almere,,,False,2026-06-11,2026-06-11
Iran,IRI,AFC,GROUP G,,,Amir Ghalenoei,,Alireza Beiranvand,alireza beiranvand,GK,Tractor,,,False,2026-06-11,2026-06-11
Iran,IRI,AFC,GROUP G,,,Amir Ghalenoei,,Hossein Hosseini,hossein hosseini,GK,Sepahan,,,False,2026-06-11,2026-06-11
Iran,IRI,AFC,GROUP G,,,Amir Ghalenoei,,Payam Niazmand,payam niazmand,GK,Persepolis,,,False,2026-06-11,2026-06-11
Iran,IRI,AFC,GROUP G,,,Amir Ghalenoei,,Ali Nemati Omid Noorafkan,ali nemati omid noorafkan,DF,Foolad,,,False,2026-06-11,2026-06-11
Iran,IRI,AFC,GROUP G,,,Amir Ghalenoei,,Danial Eiri,danial eiri,DF,Malavan,,,False,2026-06-11,2026-06-11
Iran,IRI,AFC,GROUP G,,,Amir Ghalenoei,,Ehsan Hajsafi,ehsan hajsafi,DF,Sepahan,,,False,2026-06-11,2026-06-11
Iran,IRI,AFC,GROUP G,,,Amir Ghalenoei,,Hossein Kanaani,hossein kanaani,DF,Persepolis,,,False,2026-06-11,2026-06-11
Iran,IRI,AFC,GROUP G,,,Amir Ghalenoei,,Milad Mohammadi,milad mohammadi,DF,Persepolis,,,False,2026-06-11,2026-06-11
Iran,IRI,AFC,GROUP G,,,Amir Ghalenoei,,Ramin Rezaeian,ramin rezaeian,DF,Foolad,,,False,2026-06-11,2026-06-11
Iran,IRI,AFC,GROUP G,,,Amir Ghalenoei,,Saleh Hardani,saleh hardani,DF,Esteghlal,,,False,2026-06-11,2026-06-11
Iran,IRI,AFC,GROUP G,,,Amir Ghalenoei,,Shoka Khalilzadeh,shoka khalilzadeh,DF,Tractor,,,False,2026-06-11,2026-06-11
Iran,IRI,AFC,GROUP G,,,Amir Ghalenoei,,Alireza Jahanbakhsh,alireza jahanbakhsh,MF,Dender,,,False,2026-06-11,2026-06-11
Iran,IRI,AFC,GROUP G,,,Amir Ghalenoei,,Amir Mohammad Razzaghinia,amir mohammad razzaghinia,MF,Esteghlal,,,False,2026-06-11,2026-06-11
Iran,IRI,AFC,GROUP G,,,Amir Ghalenoei,,Aria Yousefi,aria yousefi,MF,Sepahan,,,False,2026-06-11,2026-06-11
Iran,IRI,AFC,GROUP G,,,Amir Ghalenoei,,Mehdi Ghaedi,mehdi ghaedi,MF,Al-Nasr,,,False,2026-06-11,2026-06-11
Iran,IRI,AFC,GROUP G,,,Amir Ghalenoei,,Mehdi Torabi,mehdi torabi,MF,Tractor,,,False,2026-06-11,2026-06-11
Iran,IRI,AFC,GROUP G,,,Amir Ghalenoei,,Mohammad Ghorbani,mohammad ghorbani,MF,Al-Wahda,,,False,2026-06-11,2026-06-11
Iran,IRI,AFC,GROUP G,,,Amir Ghalenoei,,Mohammad Mohebi,mohammad mohebi,MF,Rostovv,,,False,2026-06-11,2026-06-11
Iran,IRI,AFC,GROUP G,,,Amir Ghalenoei,,Rouzbeh Cheshmi,rouzbeh cheshmi,MF,Esteghlal,,,False,2026-06-11,2026-06-11
Iran,IRI,AFC,GROUP G,,,Amir Ghalenoei,,Saeid Ezatolahi,saeid ezatolahi,MF,Shabab Al-Ahli,,,False,2026-06-11,2026-06-11
Iran,IRI,AFC,GROUP G,,,Amir Ghalenoei,,Saman Ghoddos,saman ghoddos,MF,Kalba,,,False,2026-06-11,2026-06-11
Iran,IRI,AFC,GROUP G,,,Amir Ghalenoei,,Ali Alipour,ali alipour,FW,Persepolis,,,False,2026-06-11,2026-06-11
Iran,IRI,AFC,GROUP G,,,Amir Ghalenoei,,Amirhossein Hosseinzadeh,amirhossein hosseinzadeh,FW,Tractor,,,False,2026-06-11,2026-06-11
Iran,IRI,AFC,GROUP G,,,Amir Ghalenoei,,Amirhossein Mahmoudi,amirhossein mahmoudi,FW,Persepolis,,,False,2026-06-11,2026-06-11
Iran,IRI,AFC,GROUP G,,,Amir Ghalenoei,,Dennis Dargahi,dennis dargahi,FW,Standard Liege,,,False,2026-06-11,2026-06-11
Iran,IRI,AFC,GROUP G,,,Amir Ghalenoei,,Mehdi Taremi,mehdi taremi,FW,Olympiacos,,,False,2026-06-11,2026-06-11
Iraq,IRQ,AFC,GROUP I,final,June 1,Graham Arnold,,Ahmed Basil,ahmed basil,GK,Al-Shorta,,,False,2026-06-11,2026-06-11
Iraq,IRQ,AFC,GROUP I,final,June 1,Graham Arnold,,Fahad Talib,fahad talib,GK,Al-Talaba,,,False,2026-06-11,2026-06-11
Iraq,IRQ,AFC,GROUP I,final,June 1,Graham Arnold,,Jalal Hassan,jalal hassan,GK,Al-Zawraa,,,False,2026-06-11,2026-06-11
Iraq,IRQ,AFC,GROUP I,final,June 1,Graham Arnold,244679,Hussein Ali,hussein ali,DF,Pogoń Szczecin,,,False,2026-06-11,2026-06-11
Iraq,IRQ,AFC,GROUP I,final,June 1,Graham Arnold,345320,Merchas Doski,merchas doski,DF,Viktoria Plzeň,,,False,2026-06-11,2026-06-11
Iraq,IRQ,AFC,GROUP I,final,June 1,Graham Arnold,378968,Zaid Tahseen,zaid tahseen,DF,Pakhtakor,,,False,2026-06-11,2026-06-11
Iraq,IRQ,AFC,GROUP I,final,June 1,Graham Arnold,,Ahmed Yahya,ahmed yahya,DF,Al-Shorta,,,False,2026-06-11,2026-06-11
Iraq,IRQ,AFC,GROUP I,final,June 1,Graham Arnold,,Akam Hashem,akam hashem,DF,Al-Zawraa,,,False,2026-06-11,2026-06-11
Iraq,IRQ,AFC,GROUP I,final,June 1,Graham Arnold,,Frans Putros,frans putros,DF,Port FC,,,False,2026-06-11,2026-06-11
Iraq,IRQ,AFC,GROUP I,final,June 1,Graham Arnold,,Manaf Younis,manaf younis,DF,Al-Shorta,,,False,2026-06-11,2026-06-11
Iraq,IRQ,AFC,GROUP I,final,June 1,Graham Arnold,,Mustafa Saadoon,mustafa saadoon,DF,Al-Shorta,,,False,2026-06-11,2026-06-11
Iraq,IRQ,AFC,GROUP I,final,June 1,Graham Arnold,,Rebin Sulaka,rebin sulaka,DF,Port FC,,,False,2026-06-11,2026-06-11
Iraq,IRQ,AFC,GROUP I,final,June 1,Graham Arnold,,Zaid Ismail,zaid ismail,DF,Al-Talaba,,,False,2026-06-11,2026-06-11
Iraq,IRQ,AFC,GROUP I,final,June 1,Graham Arnold,266496,Ibrahim Bayesh,ibrahim bayesh,MF,Al-Riyadh,,,False,2026-06-11,2026-06-11
Iraq,IRQ,AFC,GROUP I,final,June 1,Graham Arnold,311149,Amir Al-Ammari,amir al-ammari,MF,Cracovia,,,False,2026-06-11,2026-06-11
Iraq,IRQ,AFC,GROUP I,final,June 1,Graham Arnold,321221,Youssef Amyn,youssef amyn,MF,Eintracht Braunschweig,,,False,2026-06-11,2026-06-11
Iraq,IRQ,AFC,GROUP I,final,June 1,Graham Arnold,325549,Zidane Iqbal,zidane iqbal,MF,FC Utrecht,,,False,2026-06-11,2026-06-11
Iraq,IRQ,AFC,GROUP I,final,June 1,Graham Arnold,,Ahmed Qasim,ahmed qasim,MF,Elfsborg,,,False,2026-06-11,2026-06-11
Iraq,IRQ,AFC,GROUP I,final,June 1,Graham Arnold,,Aimar Sher,aimar sher,MF,Sarpsborg 08,,,False,2026-06-11,2026-06-11
Iraq,IRQ,AFC,GROUP I,final,June 1,Graham Arnold,,Kevin Yakob,kevin yakob,MF,AGF Aarhus,,,False,2026-06-11,2026-06-11
Iraq,IRQ,AFC,GROUP I,final,June 1,Graham Arnold,,Marko Farji,marko farji,MF,Strømsgodset,,,False,2026-06-11,2026-06-11
Iraq,IRQ,AFC,GROUP I,final,June 1,Graham Arnold,244677,Aymen Hussein,aymen hussein,FW,Al-Khor,,,False,2026-06-11,2026-06-11
Iraq,IRQ,AFC,GROUP I,final,June 1,Graham Arnold,307750,Ali Jasim,ali jasim,FW,Como,,,False,2026-06-11,2026-06-11
Iraq,IRQ,AFC,GROUP I,final,June 1,Graham Arnold,,Ali Al-Hamadi,ali al-hamadi,FW,Ipswich Town,,,False,2026-06-11,2026-06-11
Iraq,IRQ,AFC,GROUP I,final,June 1,Graham Arnold,,Ali Yousef,ali yousef,FW,Al-Shorta,,,False,2026-06-11,2026-06-11
Iraq,IRQ,AFC,GROUP I,final,June 1,Graham Arnold,,Mohanad Ali,mohanad ali,FW,Al-Shorta,,,False,2026-06-11,2026-06-11
Jordan,JOR,AFC,GROUP J,,,Jamal Sellami,,Abdallah Al-Fakhouri,abdallah al-fakhouri,GK,Al-Wehdat,,,False,2026-06-11,2026-06-11
Jordan,JOR,AFC,GROUP J,,,Jamal Sellami,,Nour Bani Attiah,nour bani attiah,GK,Al-Faisaly,,,False,2026-06-11,2026-06-11
Jordan,JOR,AFC,GROUP J,,,Jamal Sellami,,Yazid Abulaila,yazid abulaila,GK,Al-Hussein,,,False,2026-06-11,2026-06-11
Jordan,JOR,AFC,GROUP J,,,Jamal Sellami,,Abdallah Nasib,abdallah nasib,DF,Al-Zawraa,,,False,2026-06-11,2026-06-11
Jordan,JOR,AFC,GROUP J,,,Jamal Sellami,,Anas Badawi,anas badawi,DF,Al-Faisaly,,,False,2026-06-11,2026-06-11
Jordan,JOR,AFC,GROUP J,,,Jamal Sellami,,Husam Abu Dahab,husam abu dahab,DF,Al-Faisaly,,,False,2026-06-11,2026-06-11
Jordan,JOR,AFC,GROUP J,,,Jamal Sellami,,Ihsan Haddad,ihsan haddad,DF,Al-Hussein,,,False,2026-06-11,2026-06-11
Jordan,JOR,AFC,GROUP J,,,Jamal Sellami,,Mohammad Abualnadi,mohammad abualnadi,DF,Selangor,,,False,2026-06-11,2026-06-11
Jordan,JOR,AFC,GROUP J,,,Jamal Sellami,,Mohammed Abu Hashish,mohammed abu hashish,DF,Al-Karma,,,False,2026-06-11,2026-06-11
Jordan,JOR,AFC,GROUP J,,,Jamal Sellami,,Saed Al-Rosan,saed al-rosan,DF,Al-Hussein,,,False,2026-06-11,2026-06-11
Jordan,JOR,AFC,GROUP J,,,Jamal Sellami,,Saleem Obaid,saleem obaid,DF,Al-Hussein,,,False,2026-06-11,2026-06-11
Jordan,JOR,AFC,GROUP J,,,Jamal Sellami,,Yazan Al-Arab,yazan al-arab,DF,FC Seoul,,,False,2026-06-11,2026-06-11
Jordan,JOR,AFC,GROUP J,,,Jamal Sellami,,Amer Jamous,amer jamous,MF,Al-Zawraa,,,False,2026-06-11,2026-06-11
Jordan,JOR,AFC,GROUP J,,,Jamal Sellami,,Ibrahim Sadeh,ibrahim sadeh,MF,Al-Karma,,,False,2026-06-11,2026-06-11
Jordan,JOR,AFC,GROUP J,,,Jamal Sellami,,Mohammed Al-Dawoud,mohammed al-dawoud,MF,Al-Wehdat,,,False,2026-06-11,2026-06-11
Jordan,JOR,AFC,GROUP J,,,Jamal Sellami,,Mohannad Abu Taha,mohannad abu taha,MF,Al-Quwa Al-Jawiya,,,False,2026-06-11,2026-06-11
Jordan,JOR,AFC,GROUP J,,,Jamal Sellami,,Nizar Al-Rashdan,nizar al-rashdan,MF,Qatar SC,,,False,2026-06-11,2026-06-11
Jordan,JOR,AFC,GROUP J,,,Jamal Sellami,,Noor Al-Rawabdeh,noor al-rawabdeh,MF,Selangor,,,False,2026-06-11,2026-06-11
Jordan,JOR,AFC,GROUP J,,,Jamal Sellami,,Rajaei Ayed,rajaei ayed,MF,Al-Hussein,,,False,2026-06-11,2026-06-11
Jordan,JOR,AFC,GROUP J,,,Jamal Sellami,,Ali Azaizeh,ali azaizeh,FW,Al-Shabab,,,False,2026-06-11,2026-06-11
Jordan,JOR,AFC,GROUP J,,,Jamal Sellami,,Ali Olwan,ali olwan,FW,Al-Sailiaya,,,False,2026-06-11,2026-06-11
Jordan,JOR,AFC,GROUP J,,,Jamal Sellami,,Ibrahim Sabra,ibrahim sabra,FW,Lokomotiva Zagreb,,,False,2026-06-11,2026-06-11
Jordan,JOR,AFC,GROUP J,,,Jamal Sellami,,Mahmoud Al-Mardi,mahmoud al-mardi,FW,Al-Hussein,,,False,2026-06-11,2026-06-11
Jordan,JOR,AFC,GROUP J,,,Jamal Sellami,,Mohammed Abu Zrayq,mohammed abu zrayq,FW,Raja Casablanca,,,False,2026-06-11,2026-06-11
Jordan,JOR,AFC,GROUP J,,,Jamal Sellami,,Mousa Al-Tamari,mousa al-tamari,FW,Rennes,,,False,2026-06-11,2026-06-11
Jordan,JOR,AFC,GROUP J,,,Jamal Sellami,,Odeh Al-Fakhouri,odeh al-fakhouri,FW,Pyramids,,,False,2026-06-11,2026-06-11
Japan,JPN,AFC,GROUP F,final,May 15,Hajime Moriyasu,255723,Keisuke Osako,keisuke osako,GK,Sanfrecce Hiroshima,,,False,2026-06-11,2026-06-11
Japan,JPN,AFC,GROUP F,final,May 15,Hajime Moriyasu,265958,Zion Suzuki,zion suzuki,GK,Parma,,,False,2026-06-11,2026-06-11
Japan,JPN,AFC,GROUP F,final,May 15,Hajime Moriyasu,312924,Tomoki Hayakawa,tomoki hayakawa,GK,Kashima Antlers,,,False,2026-06-11,2026-06-11
Japan,JPN,AFC,GROUP F,final,May 15,Hajime Moriyasu,119082,Yūto Nagatomo,yuto nagatomo,DF,FC Tokyo,,,False,2026-06-11,2026-06-11
Japan,JPN,AFC,GROUP F,final,May 15,Hajime Moriyasu,202728,Shogo Taniguchi,shogo taniguchi,DF,Sint-Truiden,,,False,2026-06-11,2026-06-11
Japan,JPN,AFC,GROUP F,final,May 15,Hajime Moriyasu,238004,Takehiro Tomiyasu,takehiro tomiyasu,DF,Ajax,,,False,2026-06-11,2026-06-11
Japan,JPN,AFC,GROUP F,final,May 15,Hajime Moriyasu,238033,Ko Itakura,ko itakura,DF,Ajax,,,False,2026-06-11,2026-06-11
Japan,JPN,AFC,GROUP F,final,May 15,Hajime Moriyasu,258270,Ayumu Seko,ayumu seko,DF,Le Havre,,,False,2026-06-11,2026-06-11
Japan,JPN,AFC,GROUP F,final,May 15,Hajime Moriyasu,265965,Yukinari Sugawara,yukinari sugawara,DF,Werder Bremen,,,False,2026-06-11,2026-06-11
Japan,JPN,AFC,GROUP F,final,May 15,Hajime Moriyasu,276279,Tsuyoshi Watanabe,tsuyoshi watanabe,DF,Feyenoord,,,False,2026-06-11,2026-06-11
Japan,JPN,AFC,GROUP F,final,May 15,Hajime Moriyasu,97111,Hiroki Ito,hiroki ito,DF,Bayern Munich,,,False,2026-06-11,2026-06-11
Japan,JPN,AFC,GROUP F,final,May 15,Hajime Moriyasu,152479,Wataru Endo,wataru endo,MF,Liverpool,,,False,2026-06-11,2026-06-11
Japan,JPN,AFC,GROUP F,final,May 15,Hajime Moriyasu,219350,Junya Ito,junya ito,MF,Genk,,,False,2026-06-11,2026-06-11
Japan,JPN,AFC,GROUP F,final,May 15,Hajime Moriyasu,219362,Daichi Kamada,daichi kamada,MF,Crystal Palace,,,False,2026-06-11,2026-06-11
Japan,JPN,AFC,GROUP F,final,May 15,Hajime Moriyasu,219627,Ritsu Doan,ritsu doan,MF,Eintracht Frankfurt,,,False,2026-06-11,2026-06-11
Japan,JPN,AFC,GROUP F,final,May 15,Hajime Moriyasu,253173,Ao Tanaka,ao tanaka,MF,Leeds United,,,False,2026-06-11,2026-06-11
Japan,JPN,AFC,GROUP F,final,May 15,Hajime Moriyasu,256587,Takefusa Kubo,takefusa kubo,MF,Real Sociedad,,,False,2026-06-11,2026-06-11
Japan,JPN,AFC,GROUP F,final,May 15,Hajime Moriyasu,265953,Keito Nakamura,keito nakamura,MF,Reims,,,False,2026-06-11,2026-06-11
Japan,JPN,AFC,GROUP F,final,May 15,Hajime Moriyasu,303031,Yuito Suzuki,yuito suzuki,MF,Freiburg,,,False,2026-06-11,2026-06-11
Japan,JPN,AFC,GROUP F,final,May 15,Hajime Moriyasu,333663,Junnosuke Suzuki,junnosuke suzuki,MF,Copenhagen,,,False,2026-06-11,2026-06-11
Japan,JPN,AFC,GROUP F,final,May 15,Hajime Moriyasu,357030,Kaishu Sano,kaishu sano,MF,Mainz,,,False,2026-06-11,2026-06-11
Japan,JPN,AFC,GROUP F,final,May 15,Hajime Moriyasu,238016,Koki Ogawa,koki ogawa,FW,NEC Nijmegen,,,False,2026-06-11,2026-06-11
Japan,JPN,AFC,GROUP F,final,May 15,Hajime Moriyasu,274277,Ayase Ueda,ayase ueda,FW,Feyenoord,,,False,2026-06-11,2026-06-11
Japan,JPN,AFC,GROUP F,final,May 15,Hajime Moriyasu,286347,Daizen Maeda,daizen maeda,FW,Celtic,,,False,2026-06-11,2026-06-11
Japan,JPN,AFC,GROUP F,final,May 15,Hajime Moriyasu,346208,Keisuke Goto,keisuke goto,FW,Sint-Truiden,,,False,2026-06-11,2026-06-11
Japan,JPN,AFC,GROUP F,final,May 15,Hajime Moriyasu,362959,Kento Shiogai,kento shiogai,FW,VfL Wolfsburg,,,False,2026-06-11,2026-06-11
South Korea,KOR,AFC,GROUP A,final,May 16,Hong Myung-Bo,175921,Kim Seung-Gyu,kim seung-gyu,GK,FC Tokyo,,,False,2026-06-11,2026-06-11
South Korea,KOR,AFC,GROUP A,final,May 16,Hong Myung-Bo,256724,Song Bum-Keun,song bum-keun,GK,Jeonbuk Hyundai,,,False,2026-06-11,2026-06-11
South Korea,KOR,AFC,GROUP A,final,May 16,Hong Myung-Bo,,Jo Hyun-Woo,jo hyun-woo,GK,Ulsan HD,,,False,2026-06-11,2026-06-11
South Korea,KOR,AFC,GROUP A,final,May 16,Hong Myung-Bo,157688,Kim Min-Jae,kim min-jae,DF,Bayern Munich,,,False,2026-06-11,2026-06-11
South Korea,KOR,AFC,GROUP A,final,May 16,Hong Myung-Bo,280060,Kim Moon-Hwan,kim moon-hwan,DF,Daejeon Hana,,,False,2026-06-11,2026-06-11
South Korea,KOR,AFC,GROUP A,final,May 16,Hong Myung-Bo,302793,Seol Young-Woo,seol young-woo,DF,Red Star Belgrade,,,False,2026-06-11,2026-06-11
South Korea,KOR,AFC,GROUP A,final,May 16,Hong Myung-Bo,304793,Jens Castrop,jens castrop,DF,Borussia Mönchengladbach,,,False,2026-06-11,2026-06-11
South Korea,KOR,AFC,GROUP A,final,May 16,Hong Myung-Bo,336178,Park Jin-Seop,park jin-seop,DF,Zhejiang FC,,,False,2026-06-11,2026-06-11
South Korea,KOR,AFC,GROUP A,final,May 16,Hong Myung-Bo,,Jo Yu-Min,jo yu-min,DF,Sharjah,,,False,2026-06-11,2026-06-11
South Korea,KOR,AFC,GROUP A,final,May 16,Hong Myung-Bo,,Kim Tae-Hyun,kim tae-hyun,DF,Kashima Antlers,,,False,2026-06-11,2026-06-11
South Korea,KOR,AFC,GROUP A,final,May 16,Hong Myung-Bo,,Lee Han-Beom,lee han-beom,DF,Midtjylland,,,False,2026-06-11,2026-06-11
South Korea,KOR,AFC,GROUP A,final,May 16,Hong Myung-Bo,,Lee Ki-Hyeok,lee ki-hyeok,DF,Gangwon FC,,,False,2026-06-11,2026-06-11
South Korea,KOR,AFC,GROUP A,final,May 16,Hong Myung-Bo,,Lee Tae-Seok,lee tae-seok,DF,Austria Vienna,,,False,2026-06-11,2026-06-11
South Korea,KOR,AFC,GROUP A,final,May 16,Hong Myung-Bo,134103,Lee Jae-Sung,lee jae-sung,MF,Mainz,,,False,2026-06-11,2026-06-11
South Korea,KOR,AFC,GROUP A,final,May 16,Hong Myung-Bo,237224,Hwang Hee-Chan,hwang hee-chan,MF,Wolverhampton,,,False,2026-06-11,2026-06-11
South Korea,KOR,AFC,GROUP A,final,May 16,Hong Myung-Bo,256598,Paik Seung-Ho,paik seung-ho,MF,Birmingham City,,,False,2026-06-11,2026-06-11
South Korea,KOR,AFC,GROUP A,final,May 16,Hong Myung-Bo,280061,Hwang In-Beom,hwang in-beom,MF,Feyenoord,,,False,2026-06-11,2026-06-11
South Korea,KOR,AFC,GROUP A,final,May 16,Hong Myung-Bo,350711,Yang Hyun-Jun,yang hyun-jun,MF,Celtic,,,False,2026-06-11,2026-06-11
South Korea,KOR,AFC,GROUP A,final,May 16,Hong Myung-Bo,362208,Bae Jun-Ho,bae jun-ho,MF,Stoke City,,,False,2026-06-11,2026-06-11
South Korea,KOR,AFC,GROUP A,final,May 16,Hong Myung-Bo,,Kim Jin-Kyu,kim jin-kyu,MF,Jeonbuk Hyundai,,,False,2026-06-11,2026-06-11
South Korea,KOR,AFC,GROUP A,final,May 16,Hong Myung-Bo,,Lee Dong-Gyeong,lee dong-gyeong,MF,Ulsan HD,,,False,2026-06-11,2026-06-11
South Korea,KOR,AFC,GROUP A,final,May 16,Hong Myung-Bo,,Lee Kang-In,lee kang-in,MF,Paris Saint-Germain,,,False,2026-06-11,2026-06-11
South Korea,KOR,AFC,GROUP A,final,May 16,Hong Myung-Bo,,Um Ji-Sung,um ji-sung,MF,Swansea City,,,False,2026-06-11,2026-06-11
South Korea,KOR,AFC,GROUP A,final,May 16,Hong Myung-Bo,149945,Son Heung-Min,son heung-min,FW,LAFC,,,False,2026-06-11,2026-06-11
South Korea,KOR,AFC,GROUP A,final,May 16,Hong Myung-Bo,,Cho Kyu-Sung,cho kyu-sung,FW,Midtjylland,,,False,2026-06-11,2026-06-11
South Korea,KOR,AFC,GROUP A,final,May 16,Hong Myung-Bo,,Oh Hyun-Kyu,oh hyun-kyu,FW,Besiktas,,,False,2026-06-11,2026-06-11
Saudi Arabia,KSA,AFC,GROUP H,final,June 1,Georgios Donis,,Ahmed Al Kassar,ahmed al kassar,GK,Al Qadsiah,,,False,2026-06-11,2026-06-11
Saudi Arabia,KSA,AFC,GROUP H,final,June 1,Georgios Donis,,Mohammed Al Owais,mohammed al owais,GK,Al Ula,,,False,2026-06-11,2026-06-11
Saudi Arabia,KSA,AFC,GROUP H,final,June 1,Georgios Donis,,Nawaf Al Aqidi,nawaf al aqidi,GK,Al Nassr,,,False,2026-06-11,2026-06-11
Saudi Arabia,KSA,AFC,GROUP H,final,June 1,Georgios Donis,269485,Sultan Al-Ghannam,sultan al-ghannam,DF,Al Nassr,,,False,2026-06-11,2026-06-11
Saudi Arabia,KSA,AFC,GROUP H,final,June 1,Georgios Donis,286011,Saud Abdulhamid,saud abdulhamid,DF,Lens,,,False,2026-06-11,2026-06-11
Saudi Arabia,KSA,AFC,GROUP H,final,June 1,Georgios Donis,296972,Ali Lajami,ali lajami,DF,Al Hilal,,,False,2026-06-11,2026-06-11
Saudi Arabia,KSA,AFC,GROUP H,final,June 1,Georgios Donis,331918,Nawaf Boushal,nawaf boushal,DF,Al Nassr,,,False,2026-06-11,2026-06-11
Saudi Arabia,KSA,AFC,GROUP H,final,June 1,Georgios Donis,331920,Ali Majrashi,ali majrashi,DF,Al Ahli,,,False,2026-06-11,2026-06-11
Saudi Arabia,KSA,AFC,GROUP H,final,June 1,Georgios Donis,,Abdulelah Al Amri,abdulelah al amri,DF,Al Nassr,,,False,2026-06-11,2026-06-11
Saudi Arabia,KSA,AFC,GROUP H,final,June 1,Georgios Donis,,Hassan Kadesh,hassan kadesh,DF,Al Ittihad,,,False,2026-06-11,2026-06-11
Saudi Arabia,KSA,AFC,GROUP H,final,June 1,Georgios Donis,,Hassan Tambakti,hassan tambakti,DF,Al Hilal,,,False,2026-06-11,2026-06-11
Saudi Arabia,KSA,AFC,GROUP H,final,June 1,Georgios Donis,,Jehad Thikri,jehad thikri,DF,Al Qadsiah,,,False,2026-06-11,2026-06-11
Saudi Arabia,KSA,AFC,GROUP H,final,June 1,Georgios Donis,,Mohammed Abu Al Shamat,mohammed abu al shamat,DF,Al Qadsiah,,,False,2026-06-11,2026-06-11
Saudi Arabia,KSA,AFC,GROUP H,final,June 1,Georgios Donis,,Moteb Al Harbi,moteb al harbi,DF,Al Hilal,,,False,2026-06-11,2026-06-11
Saudi Arabia,KSA,AFC,GROUP H,final,June 1,Georgios Donis,,Abdullah Al Khaibari,abdullah al khaibari,MF,Al Nassr,,,False,2026-06-11,2026-06-11
Saudi Arabia,KSA,AFC,GROUP H,final,June 1,Georgios Donis,,Alaa Al Hajji,alaa al hajji,MF,Neom,,,False,2026-06-11,2026-06-11
Saudi Arabia,KSA,AFC,GROUP H,final,June 1,Georgios Donis,,Ayman Yahya,ayman yahya,MF,Al Nassr,,,False,2026-06-11,2026-06-11
Saudi Arabia,KSA,AFC,GROUP H,final,June 1,Georgios Donis,,Khalid Al Ghannam,khalid al ghannam,MF,Al Ettifaq,,,False,2026-06-11,2026-06-11
Saudi Arabia,KSA,AFC,GROUP H,final,June 1,Georgios Donis,,Mohammed Kanno,mohammed kanno,MF,Al Hilal,,,False,2026-06-11,2026-06-11
Saudi Arabia,KSA,AFC,GROUP H,final,June 1,Georgios Donis,,Musab Al Juwayr,musab al juwayr,MF,Al Qadsiah,,,False,2026-06-11,2026-06-11
Saudi Arabia,KSA,AFC,GROUP H,final,June 1,Georgios Donis,,Nasser Al Dawsari,nasser al dawsari,MF,Al Hilal,,,False,2026-06-11,2026-06-11
Saudi Arabia,KSA,AFC,GROUP H,final,June 1,Georgios Donis,,Salem Al Dawsari,salem al dawsari,MF,Al Hilal,,,False,2026-06-11,2026-06-11
Saudi Arabia,KSA,AFC,GROUP H,final,June 1,Georgios Donis,,Ziyad Al Johani,ziyad al johani,MF,Al Ahli,,,False,2026-06-11,2026-06-11
Saudi Arabia,KSA,AFC,GROUP H,final,June 1,Georgios Donis,,Abdullah Al Hamdan,abdullah al hamdan,FW,Al Nassr,,,False,2026-06-11,2026-06-11
Saudi Arabia,KSA,AFC,GROUP H,final,June 1,Georgios Donis,,Firas Al Buraikan,firas al buraikan,FW,Al Ahli,,,False,2026-06-11,2026-06-11
Saudi Arabia,KSA,AFC,GROUP H,final,June 1,Georgios Donis,,Saleh Al Shehri,saleh al shehri,FW,Al Ittihad,,,False,2026-06-11,2026-06-11
Morocco,MAR,CAF,GROUP C,,,Mohamed Ouahbi,175149,Yassine Bounou,yassine bounou,GK,Al Hilal,,,False,2026-06-11,2026-06-11
Morocco,MAR,CAF,GROUP C,,,Mohamed Ouahbi,195240,Reda Tagnaouti,reda tagnaouti,GK,AS Far,,,False,2026-06-11,2026-06-11
Morocco,MAR,CAF,GROUP C,,,Mohamed Ouahbi,206232,Munir El Kajoui,munir el kajoui,GK,RS Berkane,,,False,2026-06-11,2026-06-11
Morocco,MAR,CAF,GROUP C,,,Mohamed Ouahbi,230963,Issa Diop,issa diop,DF,Fulham,,,False,2026-06-11,2026-06-11
Morocco,MAR,CAF,GROUP C,,,Mohamed Ouahbi,239350,Noussair Mazraoui,noussair mazraoui,DF,Manchester United,,,False,2026-06-11,2026-06-11
Morocco,MAR,CAF,GROUP C,,,Mohamed Ouahbi,240233,Achraf Hakimi,achraf hakimi,DF,Paris Saint-Germain,,,False,2026-06-11,2026-06-11
Morocco,MAR,CAF,GROUP C,,,Mohamed Ouahbi,245243,Nayef Aguerd,nayef aguerd,DF,Marseille,,,False,2026-06-11,2026-06-11
Morocco,MAR,CAF,GROUP C,,,Mohamed Ouahbi,297296,Anass Salah-Eddine,anass salah-eddine,DF,PSV Eindhoven,,,False,2026-06-11,2026-06-11
Morocco,MAR,CAF,GROUP C,,,Mohamed Ouahbi,307870,Chadi Riad,chadi riad,DF,Crystal Palace,,,False,2026-06-11,2026-06-11
Morocco,MAR,CAF,GROUP C,,,Mohamed Ouahbi,325024,Zakaria El Ouahdi,zakaria el ouahdi,DF,Racing Genk,,,False,2026-06-11,2026-06-11
Morocco,MAR,CAF,GROUP C,,,Mohamed Ouahbi,328300,Redouane Halhal,redouane halhal,DF,KV Mechelen,,,False,2026-06-11,2026-06-11
Morocco,MAR,CAF,GROUP C,,,Mohamed Ouahbi,393692,Youssef Belammari,youssef belammari,DF,Al Ahly,,,False,2026-06-11,2026-06-11
Morocco,MAR,CAF,GROUP C,,,Mohamed Ouahbi,195226,Sofyan Amrabat,sofyan amrabat,MF,Real Betis,,,False,2026-06-11,2026-06-11
Morocco,MAR,CAF,GROUP C,,,Mohamed Ouahbi,291552,Azzedine Ounahi,azzedine ounahi,MF,Girona,,,False,2026-06-11,2026-06-11
Morocco,MAR,CAF,GROUP C,,,Mohamed Ouahbi,304572,Ismael Saibari,ismael saibari,MF,PSV Eindhoven,,,False,2026-06-11,2026-06-11
Morocco,MAR,CAF,GROUP C,,,Mohamed Ouahbi,323807,Neil El Aynaoui,neil el aynaoui,MF,AS Roma,,,False,2026-06-11,2026-06-11
Morocco,MAR,CAF,GROUP C,,,Mohamed Ouahbi,336595,Bilal El Khannouss,bilal el khannouss,MF,Stuttgart,,,False,2026-06-11,2026-06-11
Morocco,MAR,CAF,GROUP C,,,Mohamed Ouahbi,373927,Ayyoub Bouaddi,ayyoub bouaddi,MF,Lille,,,False,2026-06-11,2026-06-11
Morocco,MAR,CAF,GROUP C,,,Mohamed Ouahbi,378491,Samir El Mourabet,samir el mourabet,MF,Strasbourg,,,False,2026-06-11,2026-06-11
Morocco,MAR,CAF,GROUP C,,,Mohamed Ouahbi,246532,Brahim Díaz,brahim diaz,FW,Real Madrid,,,False,2026-06-11,2026-06-11
Morocco,MAR,CAF,GROUP C,,,Mohamed Ouahbi,269562,Ayoub El Kaabi,ayoub el kaabi,FW,Olympiacos,,,False,2026-06-11,2026-06-11
Morocco,MAR,CAF,GROUP C,,,Mohamed Ouahbi,276139,Soufiane Rahimi,soufiane rahimi,FW,Al Ain,,,False,2026-06-11,2026-06-11
Morocco,MAR,CAF,GROUP C,,,Mohamed Ouahbi,300912,Abde Ezzalzouli,abde ezzalzouli,FW,Real Betis,,,False,2026-06-11,2026-06-11
Morocco,MAR,CAF,GROUP C,,,Mohamed Ouahbi,360062,Chemsdine Talbi,chemsdine talbi,FW,Sunderland,,,False,2026-06-11,2026-06-11
Morocco,MAR,CAF,GROUP C,,,Mohamed Ouahbi,379012,Gessime Yassine,gessime yassine,FW,Strasbourg,,,False,2026-06-11,2026-06-11
Morocco,MAR,CAF,GROUP C,,,Mohamed Ouahbi,416636,Ayoube Amaimouni,ayoube amaimouni,FW,Eintracht Frankfurt,,,False,2026-06-11,2026-06-11
Mexico,MEX,CONCACAF,GROUP A,final,May 31,Javier Aguirre,137038,Guillermo Ochoa,guillermo ochoa,GK,AEL Limassol,,,False,2026-06-11,2026-06-11
Mexico,MEX,CONCACAF,GROUP A,final,May 31,Javier Aguirre,236368,Carlos Acevedo,carlos acevedo,GK,Santos Laguna,,,False,2026-06-11,2026-06-11
Mexico,MEX,CONCACAF,GROUP A,final,May 31,Javier Aguirre,290899,Raúl Rangel,raul rangel,GK,Chivas,,,False,2026-06-11,2026-06-11
Mexico,MEX,CONCACAF,GROUP A,final,May 31,Javier Aguirre,132098,Jesús Gallardo,jesus gallardo,DF,Toluca,,,False,2026-06-11,2026-06-11
Mexico,MEX,CONCACAF,GROUP A,final,May 31,Javier Aguirre,178746,Jorge Sánchez,jorge sanchez,DF,PAOK,,,False,2026-06-11,2026-06-11
Mexico,MEX,CONCACAF,GROUP A,final,May 31,Javier Aguirre,224323,César Montes,cesar montes,DF,Lokomotiv Moscow,,,False,2026-06-11,2026-06-11
Mexico,MEX,CONCACAF,GROUP A,final,May 31,Javier Aguirre,259975,Johan Vásquez,johan vasquez,DF,Genoa,,,False,2026-06-11,2026-06-11
Mexico,MEX,CONCACAF,GROUP A,final,May 31,Javier Aguirre,290414,Israel Reyes,israel reyes,DF,América,,,False,2026-06-11,2026-06-11
Mexico,MEX,CONCACAF,GROUP A,final,May 31,Javier Aguirre,379193,Mateo Chávez,mateo chavez,DF,AZ Alkmaar,,,False,2026-06-11,2026-06-11
Mexico,MEX,CONCACAF,GROUP A,final,May 31,Javier Aguirre,104497,Luis Chávez,luis chavez,MF,Dinamo Moscow,,,False,2026-06-11,2026-06-11
Mexico,MEX,CONCACAF,GROUP A,final,May 31,Javier Aguirre,194308,Roberto Alvarado,roberto alvarado,MF,Chivas,,,False,2026-06-11,2026-06-11
Mexico,MEX,CONCACAF,GROUP A,final,May 31,Javier Aguirre,207011,Orbelín Pineda,orbelin pineda,MF,AEK Athens,,,False,2026-06-11,2026-06-11
Mexico,MEX,CONCACAF,GROUP A,final,May 31,Javier Aguirre,241627,Edson Álvarez,edson alvarez,MF,Fenerbahçe,,,False,2026-06-11,2026-06-11
Mexico,MEX,CONCACAF,GROUP A,final,May 31,Javier Aguirre,242614,Luis Romo,luis romo,MF,Chivas,,,False,2026-06-11,2026-06-11
Mexico,MEX,CONCACAF,GROUP A,final,May 31,Javier Aguirre,265969,César Huerta,cesar huerta,MF,Anderlecht,,,False,2026-06-11,2026-06-11
Mexico,MEX,CONCACAF,GROUP A,final,May 31,Javier Aguirre,276942,Erik Lira,erik lira,MF,Cruz Azul,,,False,2026-06-11,2026-06-11
Mexico,MEX,CONCACAF,GROUP A,final,May 31,Javier Aguirre,283827,Álvaro Fidalgo,alvaro fidalgo,MF,Real Betis,,,False,2026-06-11,2026-06-11
Mexico,MEX,CONCACAF,GROUP A,final,May 31,Javier Aguirre,303577,Brian Gutiérrez,brian gutierrez,MF,Chivas,,,False,2026-06-11,2026-06-11
Mexico,MEX,CONCACAF,GROUP A,final,May 31,Javier Aguirre,318554,Obed Vargas,obed vargas,MF,Atlético Madrid,,,False,2026-06-11,2026-06-11
Mexico,MEX,CONCACAF,GROUP A,final,May 31,Javier Aguirre,389575,Gilberto Mora,gilberto mora,MF,Tijuana,,,False,2026-06-11,2026-06-11
Mexico,MEX,CONCACAF,GROUP A,final,May 31,Javier Aguirre,167060,Raúl Jiménez,raul jimenez,FW,Fulham,,,False,2026-06-11,2026-06-11
Mexico,MEX,CONCACAF,GROUP A,final,May 31,Javier Aguirre,193566,Guillermo Martínez,guillermo martinez,FW,Pumas,,,False,2026-06-11,2026-06-11
Mexico,MEX,CONCACAF,GROUP A,final,May 31,Javier Aguirre,229487,Alexis Vega,alexis vega,FW,Toluca,,,False,2026-06-11,2026-06-11
Mexico,MEX,CONCACAF,GROUP A,final,May 31,Javier Aguirre,233075,Julián Quiñones,julian quinones,FW,Al Qadsiah,,,False,2026-06-11,2026-06-11
Mexico,MEX,CONCACAF,GROUP A,final,May 31,Javier Aguirre,260775,Santiago Gimenez,santiago gimenez,FW,AC Milan,,,False,2026-06-11,2026-06-11
Mexico,MEX,CONCACAF,GROUP A,final,May 31,Javier Aguirre,376110,Armando González,armando gonzalez,FW,Chivas,,,False,2026-06-11,2026-06-11
Netherlands,NED,UEFA,GROUP F,final,May 27,Ronald Koeman,177821,Mark Flekken,mark flekken,GK,Bayer Leverkusen,,,False,2026-06-11,2026-06-11
Netherlands,NED,UEFA,GROUP F,final,May 27,Ronald Koeman,291609,Bart Verbruggen,bart verbruggen,GK,Brighton,,,False,2026-06-11,2026-06-11
Netherlands,NED,UEFA,GROUP F,final,May 27,Ronald Koeman,301449,Robin Roefs,robin roefs,GK,Sunderland,,,False,2026-06-11,2026-06-11
Netherlands,NED,UEFA,GROUP F,final,May 27,Ronald Koeman,157892,Virgil van Dijk,virgil van dijk,DF,Liverpool,,,False,2026-06-11,2026-06-11
Netherlands,NED,UEFA,GROUP F,final,May 27,Ronald Koeman,159248,Nathan Aké,nathan ake,DF,Manchester City,,,False,2026-06-11,2026-06-11
Netherlands,NED,UEFA,GROUP F,final,May 27,Ronald Koeman,213248,Denzel Dumfries,denzel dumfries,DF,Inter Milan,,,False,2026-06-11,2026-06-11
Netherlands,NED,UEFA,GROUP F,final,May 27,Ronald Koeman,282583,Jan Paul van Hecke,jan paul van hecke,DF,Brighton,,,False,2026-06-11,2026-06-11
Netherlands,NED,UEFA,GROUP F,final,May 27,Ronald Koeman,282716,Jurriën Timber,jurrien timber,DF,Arsenal,,,False,2026-06-11,2026-06-11
Netherlands,NED,UEFA,GROUP F,final,May 27,Ronald Koeman,296512,Micky van de Ven,micky van de ven,DF,Tottenham,,,False,2026-06-11,2026-06-11
Netherlands,NED,UEFA,GROUP F,final,May 27,Ronald Koeman,353951,Jorrel Hato,jorrel hato,DF,Chelsea,,,False,2026-06-11,2026-06-11
Netherlands,NED,UEFA,GROUP F,final,May 27,Ronald Koeman,146335,Marten de Roon,marten de roon,MF,Atalanta,,,False,2026-06-11,2026-06-11
Netherlands,NED,UEFA,GROUP F,final,May 27,Ronald Koeman,219022,Frenkie de Jong,frenkie de jong,MF,Barcelona,,,False,2026-06-11,2026-06-11
Netherlands,NED,UEFA,GROUP F,final,May 27,Ronald Koeman,240965,Guus Til,guus til,MF,PSV,,,False,2026-06-11,2026-06-11
Netherlands,NED,UEFA,GROUP F,final,May 27,Ronald Koeman,258968,Teun Koopmeiners,teun koopmeiners,MF,Juventus,,,False,2026-06-11,2026-06-11
Netherlands,NED,UEFA,GROUP F,final,May 27,Ronald Koeman,261328,Tijjani Reijnders,tijjani reijnders,MF,Manchester City,,,False,2026-06-11,2026-06-11
Netherlands,NED,UEFA,GROUP F,final,May 27,Ronald Koeman,274632,Ryan Gravenberch,ryan gravenberch,MF,Liverpool,,,False,2026-06-11,2026-06-11
Netherlands,NED,UEFA,GROUP F,final,May 27,Ronald Koeman,282186,Mats Wieffer,mats wieffer,MF,Brighton,,,False,2026-06-11,2026-06-11
Netherlands,NED,UEFA,GROUP F,final,May 27,Ronald Koeman,282230,Quinten Timber,quinten timber,MF,Marseille,,,False,2026-06-11,2026-06-11
Netherlands,NED,UEFA,GROUP F,final,May 27,Ronald Koeman,159255,Memphis Depay,memphis depay,FW,Corinthians,,,False,2026-06-11,2026-06-11
Netherlands,NED,UEFA,GROUP F,final,May 27,Ronald Koeman,177042,Wout Weghorst,wout weghorst,FW,Ajax,,,False,2026-06-11,2026-06-11
Netherlands,NED,UEFA,GROUP F,final,May 27,Ronald Koeman,245916,Justin Kluivert,justin kluivert,FW,Bournemouth,,,False,2026-06-11,2026-06-11
Netherlands,NED,UEFA,GROUP F,final,May 27,Ronald Koeman,249524,Cody Gakpo,cody gakpo,FW,Liverpool,,,False,2026-06-11,2026-06-11
Netherlands,NED,UEFA,GROUP F,final,May 27,Ronald Koeman,255344,Noa Lang,noa lang,FW,Galatasaray,,,False,2026-06-11,2026-06-11
Netherlands,NED,UEFA,GROUP F,final,May 27,Ronald Koeman,259481,Donyell Malen,donyell malen,FW,Roma,,,False,2026-06-11,2026-06-11
Netherlands,NED,UEFA,GROUP F,final,May 27,Ronald Koeman,282229,Brian Brobbey,brian brobbey,FW,Sunderland,,,False,2026-06-11,2026-06-11
Netherlands,NED,UEFA,GROUP F,final,May 27,Ronald Koeman,284792,Crysencio Summerville,crysencio summerville,FW,West Ham,,,False,2026-06-11,2026-06-11
Norway,NOR,UEFA,GROUP I,final,May 21,Stale Solbakken,193610,Ørjan Nyland,rjan nyland,GK,Sevilla,,,False,2026-06-11,2026-06-11
Norway,NOR,UEFA,GROUP I,final,May 21,Stale Solbakken,286433,Egil Selvik,egil selvik,GK,Watford,,,False,2026-06-11,2026-06-11
Norway,NOR,UEFA,GROUP I,final,May 21,Stale Solbakken,304258,Sander Tangvik,sander tangvik,GK,Hamburg SV,,,False,2026-06-11,2026-06-11
Norway,NOR,UEFA,GROUP I,final,May 21,Stale Solbakken,129285,Marcus Pedersen,marcus pedersen,DF,Torino,,,False,2026-06-11,2026-06-11
Norway,NOR,UEFA,GROUP I,final,May 21,Stale Solbakken,206173,Kristoffer Ajer,kristoffer ajer,DF,Brentford,,,False,2026-06-11,2026-06-11
Norway,NOR,UEFA,GROUP I,final,May 21,Stale Solbakken,222991,Julian Ryerson,julian ryerson,DF,Borussia Dortmund,,,False,2026-06-11,2026-06-11
Norway,NOR,UEFA,GROUP I,final,May 21,Stale Solbakken,238088,Fredrik André Bjørkan,fredrik andre bj rkan,DF,Bodø/Glimt,,,False,2026-06-11,2026-06-11
Norway,NOR,UEFA,GROUP I,final,May 21,Stale Solbakken,272867,Torbjørn Heggem,torbj rn heggem,DF,Bologna,,,False,2026-06-11,2026-06-11
Norway,NOR,UEFA,GROUP I,final,May 21,Stale Solbakken,281736,Leo Østigård,leo stigard,DF,Genoa,,,False,2026-06-11,2026-06-11
Norway,NOR,UEFA,GROUP I,final,May 21,Stale Solbakken,303281,Henrik Falchener,henrik falchener,DF,Viking,,,False,2026-06-11,2026-06-11
Norway,NOR,UEFA,GROUP I,final,May 21,Stale Solbakken,313361,David Møller Wolfe,david m ller wolfe,DF,Wolverhampton Wanderers,,,False,2026-06-11,2026-06-11
Norway,NOR,UEFA,GROUP I,final,May 21,Stale Solbakken,366455,Sondre Langås,sondre langas,DF,Derby County,,,False,2026-06-11,2026-06-11
Norway,NOR,UEFA,GROUP I,final,May 21,Stale Solbakken,202686,Morten Thorsby,morten thorsby,MF,Cremonese,,,False,2026-06-11,2026-06-11
Norway,NOR,UEFA,GROUP I,final,May 21,Stale Solbakken,203669,Martin Ødegaard,martin degaard,MF,Arsenal,,,False,2026-06-11,2026-06-11
Norway,NOR,UEFA,GROUP I,final,May 21,Stale Solbakken,205924,Patrick Berg,patrick berg,MF,Bodø/Glimt,,,False,2026-06-11,2026-06-11
Norway,NOR,UEFA,GROUP I,final,May 21,Stale Solbakken,212900,Fredrik Aursnes,fredrik aursnes,MF,Benfica,,,False,2026-06-11,2026-06-11
Norway,NOR,UEFA,GROUP I,final,May 21,Stale Solbakken,218998,Sander Berge,sander berge,MF,Fulham,,,False,2026-06-11,2026-06-11
Norway,NOR,UEFA,GROUP I,final,May 21,Stale Solbakken,235789,Jens Petter Hauge,jens petter hauge,MF,Bodø/Glimt,,,False,2026-06-11,2026-06-11
Norway,NOR,UEFA,GROUP I,final,May 21,Stale Solbakken,284212,Kristian Thorstvedt,kristian thorstvedt,MF,Sassuolo,,,False,2026-06-11,2026-06-11
Norway,NOR,UEFA,GROUP I,final,May 21,Stale Solbakken,307111,Oscar Bobb,oscar bobb,MF,Fulham,,,False,2026-06-11,2026-06-11
Norway,NOR,UEFA,GROUP I,final,May 21,Stale Solbakken,307477,Thelo Aasgaard,thelo aasgaard,MF,Rangers,,,False,2026-06-11,2026-06-11
Norway,NOR,UEFA,GROUP I,final,May 21,Stale Solbakken,313415,Andreas Schjelderup,andreas schjelderup,MF,Benfica,,,False,2026-06-11,2026-06-11
Norway,NOR,UEFA,GROUP I,final,May 21,Stale Solbakken,319368,Antonio Nusa,antonio nusa,MF,RB Leipzig,,,False,2026-06-11,2026-06-11
Norway,NOR,UEFA,GROUP I,final,May 21,Stale Solbakken,188230,Alexander Sørloth,alexander s rloth,FW,Atlético Madrid,,,False,2026-06-11,2026-06-11
Norway,NOR,UEFA,GROUP I,final,May 21,Stale Solbakken,252747,Jørgen Strand Larsen,j rgen strand larsen,FW,Crystal Palace,,,False,2026-06-11,2026-06-11
Norway,NOR,UEFA,GROUP I,final,May 21,Stale Solbakken,253989,Erling Haaland,erling haaland,FW,Manchester City,,,False,2026-06-11,2026-06-11
New Zealand,NZL,OFC,GROUP G,final,May 14,Darren Bazeley,168747,Max Crocombe,max crocombe,GK,Millwall,,,False,2026-06-11,2026-06-11
New Zealand,NZL,OFC,GROUP G,final,May 14,Darren Bazeley,228288,Michael Woud,michael woud,GK,Auckland FC,,,False,2026-06-11,2026-06-11
New Zealand,NZL,OFC,GROUP G,final,May 14,Darren Bazeley,297800,Alex Paulsen,alex paulsen,GK,Lechia Gdańsk,,,False,2026-06-11,2026-06-11
New Zealand,NZL,OFC,GROUP G,final,May 14,Darren Bazeley,101934,Michael Boxall,michael boxall,DF,Minnesota United,,,False,2026-06-11,2026-06-11
New Zealand,NZL,OFC,GROUP G,final,May 14,Darren Bazeley,103819,Tommy Smith,tommy smith,DF,Braintree Town,,,False,2026-06-11,2026-06-11
New Zealand,NZL,OFC,GROUP G,final,May 14,Darren Bazeley,159470,Tim Payne,tim payne,DF,Wellington Phoenix,,,False,2026-06-11,2026-06-11
New Zealand,NZL,OFC,GROUP G,final,May 14,Darren Bazeley,254441,Francis De Vries,francis de vries,DF,Auckland FC,,,False,2026-06-11,2026-06-11
New Zealand,NZL,OFC,GROUP G,final,May 14,Darren Bazeley,266554,Liberato Cacace,liberato cacace,DF,Wrexham,,,False,2026-06-11,2026-06-11
New Zealand,NZL,OFC,GROUP G,final,May 14,Darren Bazeley,282239,Callan Elliot,callan elliot,DF,Auckland FC,,,False,2026-06-11,2026-06-11
New Zealand,NZL,OFC,GROUP G,final,May 14,Darren Bazeley,288469,Nando Pijnaker,nando pijnaker,DF,Auckland FC,,,False,2026-06-11,2026-06-11
New Zealand,NZL,OFC,GROUP G,final,May 14,Darren Bazeley,332367,Finn Surman,finn surman,DF,Portland Timbers,,,False,2026-06-11,2026-06-11
New Zealand,NZL,OFC,GROUP G,final,May 14,Darren Bazeley,367427,Tyler Bindon,tyler bindon,DF,Nottingham Forest,,,False,2026-06-11,2026-06-11
New Zealand,NZL,OFC,GROUP G,final,May 14,Darren Bazeley,156146,Ryan Thomas,ryan thomas,MF,PEC Zwolle,,,False,2026-06-11,2026-06-11
New Zealand,NZL,OFC,GROUP G,final,May 14,Darren Bazeley,194736,Alex Rufer,alex rufer,MF,Wellington Phoenix,,,False,2026-06-11,2026-06-11
New Zealand,NZL,OFC,GROUP G,final,May 14,Darren Bazeley,228283,Sarpreet Singh,sarpreet singh,MF,Wellington Phoenix,,,False,2026-06-11,2026-06-11
New Zealand,NZL,OFC,GROUP G,final,May 14,Darren Bazeley,228294,Joe Bell,joe bell,MF,Viking FK,,,False,2026-06-11,2026-06-11
New Zealand,NZL,OFC,GROUP G,final,May 14,Darren Bazeley,297798,Marko Stamenic,marko stamenic,MF,Swansea City,,,False,2026-06-11,2026-06-11
New Zealand,NZL,OFC,GROUP G,final,May 14,Darren Bazeley,297803,Matt Garbett,matt garbett,MF,Peterborough United,,,False,2026-06-11,2026-06-11
New Zealand,NZL,OFC,GROUP G,final,May 14,Darren Bazeley,134190,Chris Wood,chris wood,FW,Nottingham Forest,,,False,2026-06-11,2026-06-11
New Zealand,NZL,OFC,GROUP G,final,May 14,Darren Bazeley,175958,Kosta Barbarouses,kosta barbarouses,FW,Western Sydney Wanderers,,,False,2026-06-11,2026-06-11
New Zealand,NZL,OFC,GROUP G,final,May 14,Darren Bazeley,228279,Callum McCowatt,callum mccowatt,FW,Silkeborg IF,,,False,2026-06-11,2026-06-11
New Zealand,NZL,OFC,GROUP G,final,May 14,Darren Bazeley,266555,Eli Just,eli just,FW,Motherwell,,,False,2026-06-11,2026-06-11
New Zealand,NZL,OFC,GROUP G,final,May 14,Darren Bazeley,277113,Ben Waine,ben waine,FW,Port Vale,,,False,2026-06-11,2026-06-11
New Zealand,NZL,OFC,GROUP G,final,May 14,Darren Bazeley,297794,Jesse Randall,jesse randall,FW,Auckland FC,,,False,2026-06-11,2026-06-11
New Zealand,NZL,OFC,GROUP G,final,May 14,Darren Bazeley,297802,Ben Old,ben old,FW,Saint-Étienne,,,False,2026-06-11,2026-06-11
New Zealand,NZL,OFC,GROUP G,final,May 14,Darren Bazeley,351369,Lachlan Bayliss,lachlan bayliss,FW,Newcastle Jets,,,False,2026-06-11,2026-06-11
Panama,PAN,CONCACAF,GROUP L,final,May 26,Thomas Christiansen,102081,Luis Mejía,luis mejia,GK,Nacional,,,False,2026-06-11,2026-06-11
Panama,PAN,CONCACAF,GROUP L,final,May 26,Thomas Christiansen,191806,Orlando Mosquera,orlando mosquera,GK,Al Fayha,,,False,2026-06-11,2026-06-11
Panama,PAN,CONCACAF,GROUP L,final,May 26,Thomas Christiansen,328403,César Samudio,cesar samudio,GK,Marathón,,,False,2026-06-11,2026-06-11
Panama,PAN,CONCACAF,GROUP L,final,May 26,Thomas Christiansen,137355,Roderick Miller,roderick miller,DF,Turan Tovuz,,,False,2026-06-11,2026-06-11
Panama,PAN,CONCACAF,GROUP L,final,May 26,Thomas Christiansen,138183,Éric Davis,eric davis,DF,Plaza Amador,,,False,2026-06-11,2026-06-11
Panama,PAN,CONCACAF,GROUP L,final,May 26,Thomas Christiansen,189775,Andrés Andrade,andres andrade,DF,LASK,,,False,2026-06-11,2026-06-11
Panama,PAN,CONCACAF,GROUP L,final,May 26,Thomas Christiansen,216418,Fidel Escobar,fidel escobar,DF,Saprissa,,,False,2026-06-11,2026-06-11
Panama,PAN,CONCACAF,GROUP L,final,May 26,Thomas Christiansen,216420,Amir Murillo,amir murillo,DF,Beşiktaş,,,False,2026-06-11,2026-06-11
Panama,PAN,CONCACAF,GROUP L,final,May 26,Thomas Christiansen,260346,César Blackman,cesar blackman,DF,Slovan Bratislava,,,False,2026-06-11,2026-06-11
Panama,PAN,CONCACAF,GROUP L,final,May 26,Thomas Christiansen,271294,Jorge Gutiérrez,jorge gutierrez,DF,Deportivo La Guaira,,,False,2026-06-11,2026-06-11
Panama,PAN,CONCACAF,GROUP L,final,May 26,Thomas Christiansen,286667,José Córdoba,jose cordoba,DF,Norwich City,,,False,2026-06-11,2026-06-11
Panama,PAN,CONCACAF,GROUP L,final,May 26,Thomas Christiansen,291014,Jiovany Ramos,jiovany ramos,DF,Puerto Cabello,,,False,2026-06-11,2026-06-11
Panama,PAN,CONCACAF,GROUP L,final,May 26,Thomas Christiansen,328402,Edgardo Fariña,edgardo farina,DF,Pari Nizhny Novgorod,,,False,2026-06-11,2026-06-11
Panama,PAN,CONCACAF,GROUP L,final,May 26,Thomas Christiansen,102167,Alberto Quintero,alberto quintero,MF,Plaza Amador,,,False,2026-06-11,2026-06-11
Panama,PAN,CONCACAF,GROUP L,final,May 26,Thomas Christiansen,116825,Aníbal Godoy,anibal godoy,MF,San Diego FC,,,False,2026-06-11,2026-06-11
Panama,PAN,CONCACAF,GROUP L,final,May 26,Thomas Christiansen,176145,Cristian Martínez,cristian martinez,MF,Ironi Kiryat Shmona,,,False,2026-06-11,2026-06-11
Panama,PAN,CONCACAF,GROUP L,final,May 26,Thomas Christiansen,201919,Yoel Bárcenas,yoel barcenas,MF,Mazatlán,,,False,2026-06-11,2026-06-11
Panama,PAN,CONCACAF,GROUP L,final,May 26,Thomas Christiansen,219508,Adalberto Carrasquilla,adalberto carrasquilla,MF,Pumas UNAM,,,False,2026-06-11,2026-06-11
Panama,PAN,CONCACAF,GROUP L,final,May 26,Thomas Christiansen,238763,José Luis Rodríguez,jose luis rodriguez,MF,Juárez,,,False,2026-06-11,2026-06-11
Panama,PAN,CONCACAF,GROUP L,final,May 26,Thomas Christiansen,285452,Carlos Harvey,carlos harvey,MF,Minnesota United,,,False,2026-06-11,2026-06-11
Panama,PAN,CONCACAF,GROUP L,final,May 26,Thomas Christiansen,340539,Azarias Londoño,azarias londono,MF,Universidad Católica,,,False,2026-06-11,2026-06-11
Panama,PAN,CONCACAF,GROUP L,final,May 26,Thomas Christiansen,,César Yanis,cesar yanis,MF,Cobresal,,,False,2026-06-11,2026-06-11
Panama,PAN,CONCACAF,GROUP L,final,May 26,Thomas Christiansen,155913,Cecilio Waterman,cecilio waterman,FW,Universidad de Concepción,,,False,2026-06-11,2026-06-11
Panama,PAN,CONCACAF,GROUP L,final,May 26,Thomas Christiansen,195326,Ismael Díaz,ismael diaz,FW,León,,,False,2026-06-11,2026-06-11
Panama,PAN,CONCACAF,GROUP L,final,May 26,Thomas Christiansen,267996,José Fajardo,jose fajardo,FW,Universidad Católica,,,False,2026-06-11,2026-06-11
Panama,PAN,CONCACAF,GROUP L,final,May 26,Thomas Christiansen,,Tomás Rodríguez,tomas rodriguez,FW,Saprissa,,,False,2026-06-11,2026-06-11
Paraguay,PAR,CONMEBOL,GROUP D,,,Gustavo Alfaro,164262,Roberto Fernández,roberto fernandez,GK,Cerro Porteño,,,False,2026-06-11,2026-06-11
Paraguay,PAR,CONMEBOL,GROUP D,,,Gustavo Alfaro,190375,Gastón Olveira,gaston olveira,GK,Olimpia,,,False,2026-06-11,2026-06-11
Paraguay,PAR,CONMEBOL,GROUP D,,,Gustavo Alfaro,301648,Orlando Gill,orlando gill,GK,San Lorenzo,,,False,2026-06-11,2026-06-11
Paraguay,PAR,CONMEBOL,GROUP D,,,Gustavo Alfaro,118395,Gustavo Gómez,gustavo gomez,DF,Palmeiras,,,False,2026-06-11,2026-06-11
Paraguay,PAR,CONMEBOL,GROUP D,,,Gustavo Alfaro,119413,Gustavo Velázquez,gustavo velazquez,DF,Cerro Porteño,,,False,2026-06-11,2026-06-11
Paraguay,PAR,CONMEBOL,GROUP D,,,Gustavo Alfaro,181657,Júnior Alonso,junior alonso,DF,Atletico Mineiro,,,False,2026-06-11,2026-06-11
Paraguay,PAR,CONMEBOL,GROUP D,,,Gustavo Alfaro,199101,Fabián Balbuena,fabian balbuena,DF,Gremio,,,False,2026-06-11,2026-06-11
Paraguay,PAR,CONMEBOL,GROUP D,,,Gustavo Alfaro,215401,Omar Alderete,omar alderete,DF,Sunderland,,,False,2026-06-11,2026-06-11
Paraguay,PAR,CONMEBOL,GROUP D,,,Gustavo Alfaro,227682,Jose Canale,jose canale,DF,Lanus,,,False,2026-06-11,2026-06-11
Paraguay,PAR,CONMEBOL,GROUP D,,,Gustavo Alfaro,399687,Alexandro Maidana,alexandro maidana,DF,Talleres,,,False,2026-06-11,2026-06-11
Paraguay,PAR,CONMEBOL,GROUP D,,,Gustavo Alfaro,,Juan Caceres,juan caceres,DF,Dynamo Moscow,,,False,2026-06-11,2026-06-11
Paraguay,PAR,CONMEBOL,GROUP D,,,Gustavo Alfaro,188160,Kaku,kaku,MF,Al Ain,,,False,2026-06-11,2026-06-11
Paraguay,PAR,CONMEBOL,GROUP D,,,Gustavo Alfaro,192278,Diego Gómez,diego gomez,MF,Brighton & Hove Albion,,,False,2026-06-11,2026-06-11
Paraguay,PAR,CONMEBOL,GROUP D,,,Gustavo Alfaro,202501,Andrés Cubas,andres cubas,MF,Vancouver Whitecaps,,,False,2026-06-11,2026-06-11
Paraguay,PAR,CONMEBOL,GROUP D,,,Gustavo Alfaro,265977,Braian Ojeda,braian ojeda,MF,Orlando City,,,False,2026-06-11,2026-06-11
Paraguay,PAR,CONMEBOL,GROUP D,,,Gustavo Alfaro,289046,Maurício,mauricio,MF,Palmeiras,,,False,2026-06-11,2026-06-11
Paraguay,PAR,CONMEBOL,GROUP D,,,Gustavo Alfaro,297328,Matías Galarza,matias galarza,MF,Atlanta United,,,False,2026-06-11,2026-06-11
Paraguay,PAR,CONMEBOL,GROUP D,,,Gustavo Alfaro,301516,Damián Bobadilla,damian bobadilla,MF,São Paulo,,,False,2026-06-11,2026-06-11
Paraguay,PAR,CONMEBOL,GROUP D,,,Gustavo Alfaro,301653,Ramón Sosa,ramon sosa,MF,Palmeiras,,,False,2026-06-11,2026-06-11
Paraguay,PAR,CONMEBOL,GROUP D,,,Gustavo Alfaro,48128,Miguel Almirón,miguel almiron,MF,Atlanta United,,,False,2026-06-11,2026-06-11
Paraguay,PAR,CONMEBOL,GROUP D,,,Gustavo Alfaro,154853,Gustavo Caballero,gustavo caballero,FW,Portsmouth,,,False,2026-06-11,2026-06-11
Paraguay,PAR,CONMEBOL,GROUP D,,,Gustavo Alfaro,192162,Antonio Sanabria,antonio sanabria,FW,Cremonese,,,False,2026-06-11,2026-06-11
Paraguay,PAR,CONMEBOL,GROUP D,,,Gustavo Alfaro,208421,Gabriel Ávalos,gabriel avalos,FW,Independiente,,,False,2026-06-11,2026-06-11
Paraguay,PAR,CONMEBOL,GROUP D,,,Gustavo Alfaro,20975,Julio Enciso,julio enciso,FW,Strasbourg,,,False,2026-06-11,2026-06-11
Paraguay,PAR,CONMEBOL,GROUP D,,,Gustavo Alfaro,257754,Alex Arce,alex arce,FW,Independiente Rivadavia,,,False,2026-06-11,2026-06-11
Paraguay,PAR,CONMEBOL,GROUP D,,,Gustavo Alfaro,287035,Isidro Pitta,isidro pitta,FW,Red Bull Bragantino,,,False,2026-06-11,2026-06-11
Portugal,POR,UEFA,GROUP K,final,May 19,Roberto Martinez,181278,José Sá,jose sa,GK,Wolverhampton Wanderers,,,False,2026-06-11,2026-06-11
Portugal,POR,UEFA,GROUP K,final,May 19,Roberto Martinez,238903,Diogo Costa,diogo costa,GK,Porto,,,False,2026-06-11,2026-06-11
Portugal,POR,UEFA,GROUP K,final,May 19,Roberto Martinez,405542,Rui Silva,rui silva,GK,Sporting Lisbon,,,False,2026-06-11,2026-06-11
Portugal,POR,UEFA,GROUP K,final,May 19,Roberto Martinez,,Ricardo Velho,ricardo velho,GK,Gençlerbirliği,,,False,2026-06-11,2026-06-11
Portugal,POR,UEFA,GROUP K,final,May 19,Roberto Martinez,176399,João Cancelo,joao cancelo,DF,Barcelona,,,False,2026-06-11,2026-06-11
Portugal,POR,UEFA,GROUP K,final,May 19,Roberto Martinez,222670,Nélson Semedo,nelson semedo,DF,Fenerbahce,,,False,2026-06-11,2026-06-11
Portugal,POR,UEFA,GROUP K,final,May 19,Roberto Martinez,234878,Rúben Dias,ruben dias,DF,Manchester City,,,False,2026-06-11,2026-06-11
Portugal,POR,UEFA,GROUP K,final,May 19,Roberto Martinez,238902,Diogo Dalot,diogo dalot,DF,Manchester United,,,False,2026-06-11,2026-06-11
Portugal,POR,UEFA,GROUP K,final,May 19,Roberto Martinez,290591,Nuno Mendes,nuno mendes,DF,Paris Saint-Germain,,,False,2026-06-11,2026-06-11
Portugal,POR,UEFA,GROUP K,final,May 19,Roberto Martinez,303785,Matheus Nunes,matheus nunes,DF,Manchester City,,,False,2026-06-11,2026-06-11
Portugal,POR,UEFA,GROUP K,final,May 19,Roberto Martinez,304106,Gonçalo Inacio,goncalo inacio,DF,Sporting Lisbon,,,False,2026-06-11,2026-06-11
Portugal,POR,UEFA,GROUP K,final,May 19,Roberto Martinez,337011,Renato Veiga,renato veiga,DF,Villarreal,,,False,2026-06-11,2026-06-11
Portugal,POR,UEFA,GROUP K,final,May 19,Roberto Martinez,,Tomás Araújo,tomas araujo,DF,Benfica,,,False,2026-06-11,2026-06-11
Portugal,POR,UEFA,GROUP K,final,May 19,Roberto Martinez,124091,Bruno Fernandes,bruno fernandes,MF,Manchester United,,,False,2026-06-11,2026-06-11
Portugal,POR,UEFA,GROUP K,final,May 19,Roberto Martinez,183466,Samú Costa,samu costa,MF,Mallorca,,,False,2026-06-11,2026-06-11
Portugal,POR,UEFA,GROUP K,final,May 19,Roberto Martinez,199833,Bernardo Silva,bernardo silva,MF,Manchester City,,,False,2026-06-11,2026-06-11
Portugal,POR,UEFA,GROUP K,final,May 19,Roberto Martinez,208128,Rúben Neves,ruben neves,MF,Al Hilal,,,False,2026-06-11,2026-06-11
Portugal,POR,UEFA,GROUP K,final,May 19,Roberto Martinez,355061,João Neves,joao neves,MF,PSG,,,False,2026-06-11,2026-06-11
Portugal,POR,UEFA,GROUP K,final,May 19,Roberto Martinez,403234,Vitinha,vitinha,MF,PSG,,,False,2026-06-11,2026-06-11
Portugal,POR,UEFA,GROUP K,final,May 19,Roberto Martinez,213141,Gonçalo Guedes,goncalo guedes,FW,Real Sociedad,,,False,2026-06-11,2026-06-11
Portugal,POR,UEFA,GROUP K,final,May 19,Roberto Martinez,22774,Cristiano Ronaldo,cristiano ronaldo,FW,Al Nassr,,,False,2026-06-11,2026-06-11
Portugal,POR,UEFA,GROUP K,final,May 19,Roberto Martinez,256115,Pedro Neto,pedro neto,FW,Chelsea,,,False,2026-06-11,2026-06-11
Portugal,POR,UEFA,GROUP K,final,May 19,Roberto Martinez,258917,Rafael Leão,rafael leao,FW,AC Milan,,,False,2026-06-11,2026-06-11
Portugal,POR,UEFA,GROUP K,final,May 19,Roberto Martinez,274159,Francisco Trincão,francisco trincao,FW,Sporting Lisbon,,,False,2026-06-11,2026-06-11
Portugal,POR,UEFA,GROUP K,final,May 19,Roberto Martinez,276350,João Félix,joao felix,FW,Al Nassr,,,False,2026-06-11,2026-06-11
Portugal,POR,UEFA,GROUP K,final,May 19,Roberto Martinez,288896,Gonçalo Ramos,goncalo ramos,FW,PSG,,,False,2026-06-11,2026-06-11
Portugal,POR,UEFA,GROUP K,final,May 19,Roberto Martinez,312659,Francisco Conceição,francisco conceicao,FW,Juventus,,,False,2026-06-11,2026-06-11
Qatar,QAT,AFC,GROUP B,final,June 1,Julen Lopetegui,270844,Meshaal Barsham,meshaal barsham,GK,Al Sadd,,,False,2026-06-11,2026-06-11
Qatar,QAT,AFC,GROUP B,final,June 1,Julen Lopetegui,288537,Salah Zakaria,salah zakaria,GK,Al Duhail,,,False,2026-06-11,2026-06-11
Qatar,QAT,AFC,GROUP B,final,June 1,Julen Lopetegui,,Mahmoud Abunada,mahmoud abunada,GK,Al Rayyan,,,False,2026-06-11,2026-06-11
Qatar,QAT,AFC,GROUP B,final,June 1,Julen Lopetegui,125617,Lucas Mendes,lucas mendes,DF,Al Wakrah,,,False,2026-06-11,2026-06-11
Qatar,QAT,AFC,GROUP B,final,June 1,Julen Lopetegui,205377,Boualem Khoukhi,boualem khoukhi,DF,Al Sadd,,,False,2026-06-11,2026-06-11
Qatar,QAT,AFC,GROUP B,final,June 1,Julen Lopetegui,,Al-Hashmi Al-Hussain,al-hashmi al-hussain,DF,Al Arabi,,,False,2026-06-11,2026-06-11
Qatar,QAT,AFC,GROUP B,final,June 1,Julen Lopetegui,,Ayoub Al-Alawi,ayoub al-alawi,DF,Al Gharafa,,,False,2026-06-11,2026-06-11
Qatar,QAT,AFC,GROUP B,final,June 1,Julen Lopetegui,,Homam Al-Amin,homam al-amin,DF,Cultural Leonesa,,,False,2026-06-11,2026-06-11
Qatar,QAT,AFC,GROUP B,final,June 1,Julen Lopetegui,,Issa Laye,issa laye,DF,Al Arabi,,,False,2026-06-11,2026-06-11
Qatar,QAT,AFC,GROUP B,final,June 1,Julen Lopetegui,,Pedro Miguel,pedro miguel,DF,Al Sadd,,,False,2026-06-11,2026-06-11
Qatar,QAT,AFC,GROUP B,final,June 1,Julen Lopetegui,,Sultan Al Brake,sultan al brake,DF,Al Duhail,,,False,2026-06-11,2026-06-11
Qatar,QAT,AFC,GROUP B,final,June 1,Julen Lopetegui,143613,Abdulaziz Hatem,abdulaziz hatem,MF,Al Rayyan,,,False,2026-06-11,2026-06-11
Qatar,QAT,AFC,GROUP B,final,June 1,Julen Lopetegui,172245,Karim Boudiaf,karim boudiaf,MF,Al Duhail,,,False,2026-06-11,2026-06-11
Qatar,QAT,AFC,GROUP B,final,June 1,Julen Lopetegui,219254,Assim Madibo,assim madibo,MF,Al Wakrah,,,False,2026-06-11,2026-06-11
Qatar,QAT,AFC,GROUP B,final,June 1,Julen Lopetegui,268018,Ahmed Fathi,ahmed fathi,MF,Al Arabi,,,False,2026-06-11,2026-06-11
Qatar,QAT,AFC,GROUP B,final,June 1,Julen Lopetegui,,Jassim Gaber,jassim gaber,MF,Al Rayyan,,,False,2026-06-11,2026-06-11
Qatar,QAT,AFC,GROUP B,final,June 1,Julen Lopetegui,,Mohammed Mannai,mohammed mannai,MF,Al Shamal,,,False,2026-06-11,2026-06-11
Qatar,QAT,AFC,GROUP B,final,June 1,Julen Lopetegui,185984,Mohammed Muntari,mohammed muntari,FW,Al Gharafa,,,False,2026-06-11,2026-06-11
Qatar,QAT,AFC,GROUP B,final,June 1,Julen Lopetegui,219252,Almoez Ali,almoez ali,FW,Al Duhail,,,False,2026-06-11,2026-06-11
Qatar,QAT,AFC,GROUP B,final,June 1,Julen Lopetegui,219258,Akram Afif,akram afif,FW,Al Sadd,,,False,2026-06-11,2026-06-11
Qatar,QAT,AFC,GROUP B,final,June 1,Julen Lopetegui,236586,Hassan Al-Haydos,hassan al-haydos,FW,Al Sadd,,,False,2026-06-11,2026-06-11
Qatar,QAT,AFC,GROUP B,final,June 1,Julen Lopetegui,274164,Yusuf Abdurisag,yusuf abdurisag,FW,Al Wakrah,,,False,2026-06-11,2026-06-11
Qatar,QAT,AFC,GROUP B,final,June 1,Julen Lopetegui,,Ahmed Al-Ganehi,ahmed al-ganehi,FW,Al Gharafa,,,False,2026-06-11,2026-06-11
Qatar,QAT,AFC,GROUP B,final,June 1,Julen Lopetegui,,Ahmed Alaa,ahmed alaa,FW,Al Rayyan,,,False,2026-06-11,2026-06-11
Qatar,QAT,AFC,GROUP B,final,June 1,Julen Lopetegui,,Edmílson Junior,edmilson junior,FW,Al Duhail,,,False,2026-06-11,2026-06-11
Qatar,QAT,AFC,GROUP B,final,June 1,Julen Lopetegui,,Tahsin Mohammed,tahsin mohammed,FW,Al Duhail,,,False,2026-06-11,2026-06-11
South Africa,RSA,CAF,GROUP A,,,Hugo Broos,186121,Ricardo Goss,ricardo goss,GK,Mamelodi Sundowns,,,False,2026-06-11,2026-06-11
South Africa,RSA,CAF,GROUP A,,,Hugo Broos,196230,Ronwen Williams,ronwen williams,GK,Mamelodi Sundowns,,,False,2026-06-11,2026-06-11
South Africa,RSA,CAF,GROUP A,,,Hugo Broos,265713,Sipho Chaine,sipho chaine,GK,Orlando Pirates,,,False,2026-06-11,2026-06-11
South Africa,RSA,CAF,GROUP A,,,Hugo Broos,223818,Aubrey Modiba,aubrey modiba,DF,Mamelodi Sundowns,,,False,2026-06-11,2026-06-11
South Africa,RSA,CAF,GROUP A,,,Hugo Broos,266125,Nkosinathi Sibisi,nkosinathi sibisi,DF,Orlando Pirates,,,False,2026-06-11,2026-06-11
South Africa,RSA,CAF,GROUP A,,,Hugo Broos,276767,Khuliso Mudau,khuliso mudau,DF,Mamelodi Sundowns,,,False,2026-06-11,2026-06-11
South Africa,RSA,CAF,GROUP A,,,Hugo Broos,310593,Bradley Cross,bradley cross,DF,Kaizer Chiefs,,,False,2026-06-11,2026-06-11
South Africa,RSA,CAF,GROUP A,,,Hugo Broos,351372,Olwethu Makhanya,olwethu makhanya,DF,Philadelphia Union,,,False,2026-06-11,2026-06-11
South Africa,RSA,CAF,GROUP A,,,Hugo Broos,358744,Ime Okon,ime okon,DF,Hannover 96,,,False,2026-06-11,2026-06-11
South Africa,RSA,CAF,GROUP A,,,Hugo Broos,366883,Samukelo Kabini,samukelo kabini,DF,Molde,,,False,2026-06-11,2026-06-11
South Africa,RSA,CAF,GROUP A,,,Hugo Broos,390448,Khulumani Ndamane,khulumani ndamane,DF,Mamelodi Sundowns,,,False,2026-06-11,2026-06-11
South Africa,RSA,CAF,GROUP A,,,Hugo Broos,400594,Mbekezeli Mbokazi,mbekezeli mbokazi,DF,Chicago Fire,,,False,2026-06-11,2026-06-11
South Africa,RSA,CAF,GROUP A,,,Hugo Broos,,Kamgogelo Sebelebele,kamgogelo sebelebele,DF,Orlando Pirates,,,False,2026-06-11,2026-06-11
South Africa,RSA,CAF,GROUP A,,,Hugo Broos,,Thabang Matuludi,thabang matuludi,DF,Polokwane City,,,False,2026-06-11,2026-06-11
South Africa,RSA,CAF,GROUP A,,,Hugo Broos,228595,Yaya Sithole,yaya sithole,MF,Tondela,,,False,2026-06-11,2026-06-11
South Africa,RSA,CAF,GROUP A,,,Hugo Broos,256691,Teboho Mokoena,teboho mokoena,MF,Mamelodi Sundowns,,,False,2026-06-11,2026-06-11
South Africa,RSA,CAF,GROUP A,,,Hugo Broos,301321,Thalente Mbatha,thalente mbatha,MF,Orlando Pirates,,,False,2026-06-11,2026-06-11
South Africa,RSA,CAF,GROUP A,,,Hugo Broos,304736,Jayden Adams,jayden adams,MF,Mamelodi Sundowns,,,False,2026-06-11,2026-06-11
South Africa,RSA,CAF,GROUP A,,,Hugo Broos,157046,Themba Zwane,themba zwane,FW,Mamelodi Sundowns,,,False,2026-06-11,2026-06-11
South Africa,RSA,CAF,GROUP A,,,Hugo Broos,264751,Lyle Foster,lyle foster,FW,Burnley,,,False,2026-06-11,2026-06-11
South Africa,RSA,CAF,GROUP A,,,Hugo Broos,288771,Oswin Appollis,oswin appollis,FW,Orlando Pirates,,,False,2026-06-11,2026-06-11
South Africa,RSA,CAF,GROUP A,,,Hugo Broos,291141,Iqraam Rayners,iqraam rayners,FW,Mamelodi Sundowns,,,False,2026-06-11,2026-06-11
South Africa,RSA,CAF,GROUP A,,,Hugo Broos,303312,Evidence Makgopa,evidence makgopa,FW,Orlando Pirates,,,False,2026-06-11,2026-06-11
South Africa,RSA,CAF,GROUP A,,,Hugo Broos,313399,Tshepang Moremi,tshepang moremi,FW,Orlando Pirates,,,False,2026-06-11,2026-06-11
South Africa,RSA,CAF,GROUP A,,,Hugo Broos,335450,Thapelo Maseko,thapelo maseko,FW,AEL Limassol,,,False,2026-06-11,2026-06-11
South Africa,RSA,CAF,GROUP A,,,Hugo Broos,361211,Relebohile Mofokeng,relebohile mofokeng,FW,Orlando Pirates,,,False,2026-06-11,2026-06-11
Scotland,SCO,UEFA,GROUP C,final,May 19,Steve Clarke,16264,Liam Kelly,liam kelly,GK,Rangers,,,False,2026-06-11,2026-06-11
Scotland,SCO,UEFA,GROUP C,final,May 19,Steve Clarke,17617,Craig Gordon,craig gordon,GK,Hearts,,,False,2026-06-11,2026-06-11
Scotland,SCO,UEFA,GROUP C,final,May 19,Steve Clarke,181299,Angus Gunn,angus gunn,GK,Nottingham Forest,,,False,2026-06-11,2026-06-11
Scotland,SCO,UEFA,GROUP C,final,May 19,Steve Clarke,146577,Grant Hanley,grant hanley,DF,Hibernian,,,False,2026-06-11,2026-06-11
Scotland,SCO,UEFA,GROUP C,final,May 19,Steve Clarke,191450,Scott McKenna,scott mckenna,DF,Dinamo Zagreb,,,False,2026-06-11,2026-06-11
Scotland,SCO,UEFA,GROUP C,final,May 19,Steve Clarke,207454,Jack Hendry,jack hendry,DF,Al Etiffaq,,,False,2026-06-11,2026-06-11
Scotland,SCO,UEFA,GROUP C,final,May 19,Steve Clarke,214794,Kieran Tierney,kieran tierney,DF,Celtic,,,False,2026-06-11,2026-06-11
Scotland,SCO,UEFA,GROUP C,final,May 19,Steve Clarke,224305,Anthony Ralston,anthony ralston,DF,Celtic,,,False,2026-06-11,2026-06-11
Scotland,SCO,UEFA,GROUP C,final,May 19,Steve Clarke,271191,Nathan Patterson,nathan patterson,DF,Everton,,,False,2026-06-11,2026-06-11
Scotland,SCO,UEFA,GROUP C,final,May 19,Steve Clarke,283940,Aaron Hickey,aaron hickey,DF,Brentford,,,False,2026-06-11,2026-06-11
Scotland,SCO,UEFA,GROUP C,final,May 19,Steve Clarke,,Andy Robertson,andy robertson,DF,Liverpool,,,False,2026-06-11,2026-06-11
Scotland,SCO,UEFA,GROUP C,final,May 19,Steve Clarke,,Dom Hyam,dom hyam,DF,Wrexham,,,False,2026-06-11,2026-06-11
Scotland,SCO,UEFA,GROUP C,final,May 19,Steve Clarke,,John Souttar,john souttar,DF,Rangers,,,False,2026-06-11,2026-06-11
Scotland,SCO,UEFA,GROUP C,final,May 19,Steve Clarke,141870,Kenny McLean,kenny mclean,MF,Norwich,,,False,2026-06-11,2026-06-11
Scotland,SCO,UEFA,GROUP C,final,May 19,Steve Clarke,162843,John McGinn,john mcginn,MF,Aston Villa,,,False,2026-06-11,2026-06-11
Scotland,SCO,UEFA,GROUP C,final,May 19,Steve Clarke,202429,Lewis Ferguson,lewis ferguson,MF,Bologna,,,False,2026-06-11,2026-06-11
Scotland,SCO,UEFA,GROUP C,final,May 19,Steve Clarke,255850,Scott McTominay,scott mctominay,MF,Napoli,,,False,2026-06-11,2026-06-11
Scotland,SCO,UEFA,GROUP C,final,May 19,Steve Clarke,274217,Billy Gilmour,billy gilmour,MF,Napoli,,,False,2026-06-11,2026-06-11
Scotland,SCO,UEFA,GROUP C,final,May 19,Steve Clarke,93435,Ryan Christie,ryan christie,MF,Bournemouth,,,False,2026-06-11,2026-06-11
Scotland,SCO,UEFA,GROUP C,final,May 19,Steve Clarke,,Ben Gannon-Doak,ben gannon-doak,MF,Bournemouth,,,False,2026-06-11,2026-06-11
Scotland,SCO,UEFA,GROUP C,final,May 19,Steve Clarke,,Finlay Curtis,finlay curtis,MF,Kilmarnock,,,False,2026-06-11,2026-06-11
Scotland,SCO,UEFA,GROUP C,final,May 19,Steve Clarke,173306,Lawrence Shankland,lawrence shankland,FW,Hearts,,,False,2026-06-11,2026-06-11
Scotland,SCO,UEFA,GROUP C,final,May 19,Steve Clarke,207538,Lyndon Dykes,lyndon dykes,FW,Charlton Athletic,,,False,2026-06-11,2026-06-11
Scotland,SCO,UEFA,GROUP C,final,May 19,Steve Clarke,213725,Ché Adams,che adams,FW,Torino,,,False,2026-06-11,2026-06-11
Scotland,SCO,UEFA,GROUP C,final,May 19,Steve Clarke,241325,George Hirst,george hirst,FW,Ipswich,,,False,2026-06-11,2026-06-11
Scotland,SCO,UEFA,GROUP C,final,May 19,Steve Clarke,251936,Ross Stewart,ross stewart,FW,Southampton,,,False,2026-06-11,2026-06-11
Senegal,SEN,CAF,GROUP I,final,June 1,Pape Thiaw,197631,Mory Diaw,mory diaw,GK,Le Havre AC,,,False,2026-06-11,2026-06-11
Senegal,SEN,CAF,GROUP I,final,June 1,Pape Thiaw,238362,Édouard Mendy,edouard mendy,GK,Al Ahli,,,False,2026-06-11,2026-06-11
Senegal,SEN,CAF,GROUP I,final,June 1,Pape Thiaw,241029,Yehvann Diouf,yehvann diouf,GK,Nice,,,False,2026-06-11,2026-06-11
Senegal,SEN,CAF,GROUP I,final,June 1,Pape Thiaw,150312,Kalidou Koulibaly,kalidou koulibaly,DF,Al Hilal,,,False,2026-06-11,2026-06-11
Senegal,SEN,CAF,GROUP I,final,June 1,Pape Thiaw,213181,Moussa Niakhaté,moussa niakhate,DF,Lyon,,,False,2026-06-11,2026-06-11
Senegal,SEN,CAF,GROUP I,final,June 1,Pape Thiaw,251614,Abdoulaye Seck,abdoulaye seck,DF,Maccabi Haifa,,,False,2026-06-11,2026-06-11
Senegal,SEN,CAF,GROUP I,final,June 1,Pape Thiaw,253992,Krépin Diatta,krepin diatta,DF,AS Monaco,,,False,2026-06-11,2026-06-11
Senegal,SEN,CAF,GROUP I,final,June 1,Pape Thiaw,268796,Ismail Jakobs,ismail jakobs,DF,Galatasaray,,,False,2026-06-11,2026-06-11
Senegal,SEN,CAF,GROUP I,final,June 1,Pape Thiaw,319161,Antoine Mendy,antoine mendy,DF,Nice,,,False,2026-06-11,2026-06-11
Senegal,SEN,CAF,GROUP I,final,June 1,Pape Thiaw,355433,Mamadou Sarr,mamadou sarr,DF,Chelsea,,,False,2026-06-11,2026-06-11
Senegal,SEN,CAF,GROUP I,final,June 1,Pape Thiaw,359796,El Hadji Malick Diouf,el hadji malick diouf,DF,West Ham United,,,False,2026-06-11,2026-06-11
Senegal,SEN,CAF,GROUP I,final,June 1,Pape Thiaw,144517,Idrissa Gana Gueye,idrissa gana gueye,MF,Everton,,,False,2026-06-11,2026-06-11
Senegal,SEN,CAF,GROUP I,final,June 1,Pape Thiaw,255889,Pape Gueye,pape gueye,MF,Villarreal,,,False,2026-06-11,2026-06-11
Senegal,SEN,CAF,GROUP I,final,June 1,Pape Thiaw,294228,Pathé Ciss,pathe ciss,MF,Rayo Vallecano,,,False,2026-06-11,2026-06-11
Senegal,SEN,CAF,GROUP I,final,June 1,Pape Thiaw,297337,Pape Matar Sarr,pape matar sarr,MF,Tottenham Hotspur,,,False,2026-06-11,2026-06-11
Senegal,SEN,CAF,GROUP I,final,June 1,Pape Thiaw,324991,Habib Diarra,habib diarra,MF,Sunderland,,,False,2026-06-11,2026-06-11
Senegal,SEN,CAF,GROUP I,final,June 1,Pape Thiaw,38721,Lamine Camara,lamine camara,MF,AS Monaco,,,False,2026-06-11,2026-06-11
Senegal,SEN,CAF,GROUP I,final,June 1,Pape Thiaw,409016,Bara Sapoko Ndiaye,bara sapoko ndiaye,MF,Bayern Munich,,,False,2026-06-11,2026-06-11
Senegal,SEN,CAF,GROUP I,final,June 1,Pape Thiaw,169797,Sadio Mané,sadio mane,FW,Al Nassr,,,False,2026-06-11,2026-06-11
Senegal,SEN,CAF,GROUP I,final,June 1,Pape Thiaw,241012,Ismaïla Sarr,ismaila sarr,FW,Crystal Palace,,,False,2026-06-11,2026-06-11
Senegal,SEN,CAF,GROUP I,final,June 1,Pape Thiaw,251924,Cherif Ndiaye,cherif ndiaye,FW,Samsunspor,,,False,2026-06-11,2026-06-11
Senegal,SEN,CAF,GROUP I,final,June 1,Pape Thiaw,268641,Iliman Ndiaye,iliman ndiaye,FW,Everton,,,False,2026-06-11,2026-06-11
Senegal,SEN,CAF,GROUP I,final,June 1,Pape Thiaw,308524,Nicolas Jackson,nicolas jackson,FW,Chelsea,,,False,2026-06-11,2026-06-11
Senegal,SEN,CAF,GROUP I,final,June 1,Pape Thiaw,313889,Bamba Dieng,bamba dieng,FW,Lorient,,,False,2026-06-11,2026-06-11
Senegal,SEN,CAF,GROUP I,final,June 1,Pape Thiaw,364742,Assane Diao,assane diao,FW,Como,,,False,2026-06-11,2026-06-11
Senegal,SEN,CAF,GROUP I,final,June 1,Pape Thiaw,388522,Ibrahim Mbaye,ibrahim mbaye,FW,Paris Saint-Germian,,,False,2026-06-11,2026-06-11
Switzerland,SUI,UEFA,GROUP B,final,May 19,Murat Yakin,199381,Yvon Mvogo,yvon mvogo,GK,Lorient,,,False,2026-06-11,2026-06-11
Switzerland,SUI,UEFA,GROUP B,final,May 19,Murat Yakin,238544,Gregor Kobel,gregor kobel,GK,Borussia Dortmund,,,False,2026-06-11,2026-06-11
Switzerland,SUI,UEFA,GROUP B,final,May 19,Murat Yakin,,Marvin Keller,marvin keller,GK,Young Boys,,,False,2026-06-11,2026-06-11
Switzerland,SUI,UEFA,GROUP B,final,May 19,Murat Yakin,136865,Ricardo Rodriguez,ricardo rodriguez,DF,Real Betis,,,False,2026-06-11,2026-06-11
Switzerland,SUI,UEFA,GROUP B,final,May 19,Murat Yakin,175905,Silvan Widmer,silvan widmer,DF,Mainz,,,False,2026-06-11,2026-06-11
Switzerland,SUI,UEFA,GROUP B,final,May 19,Murat Yakin,212237,Nico Elvedi,nico elvedi,DF,Borussia Mönchengladbach,,,False,2026-06-11,2026-06-11
Switzerland,SUI,UEFA,GROUP B,final,May 19,Murat Yakin,243626,Miro Muheim,miro muheim,DF,Hamburger SV,,,False,2026-06-11,2026-06-11
Switzerland,SUI,UEFA,GROUP B,final,May 19,Murat Yakin,332574,Luca Jaquez,luca jaquez,DF,Stuttgart,,,False,2026-06-11,2026-06-11
Switzerland,SUI,UEFA,GROUP B,final,May 19,Murat Yakin,,Aurèle Amenda,aurele amenda,DF,Eintracht Frankfurt,,,False,2026-06-11,2026-06-11
Switzerland,SUI,UEFA,GROUP B,final,May 19,Murat Yakin,,Eray Cömert,eray comert,DF,Valencia,,,False,2026-06-11,2026-06-11
Switzerland,SUI,UEFA,GROUP B,final,May 19,Murat Yakin,,Manuel Akanji,manuel akanji,DF,Inter Milan,,,False,2026-06-11,2026-06-11
Switzerland,SUI,UEFA,GROUP B,final,May 19,Murat Yakin,152600,Remo Freuler,remo freuler,MF,Bologna,,,False,2026-06-11,2026-06-11
Switzerland,SUI,UEFA,GROUP B,final,May 19,Murat Yakin,222446,Djibril Sow,djibril sow,MF,Sevilla,,,False,2026-06-11,2026-06-11
Switzerland,SUI,UEFA,GROUP B,final,May 19,Murat Yakin,222628,Denis Zakaria,denis zakaria,MF,Monaco,,,False,2026-06-11,2026-06-11
Switzerland,SUI,UEFA,GROUP B,final,May 19,Murat Yakin,245623,Michel Aebischer,michel aebischer,MF,Pisa,,,False,2026-06-11,2026-06-11
Switzerland,SUI,UEFA,GROUP B,final,May 19,Murat Yakin,303973,Ardon Jashari,ardon jashari,MF,AC Milan,,,False,2026-06-11,2026-06-11
Switzerland,SUI,UEFA,GROUP B,final,May 19,Murat Yakin,308908,Fabian Rieder,fabian rieder,MF,Augsburg,,,False,2026-06-11,2026-06-11
Switzerland,SUI,UEFA,GROUP B,final,May 19,Murat Yakin,,Christian Fassnacht,christian fassnacht,MF,Young Boys,,,False,2026-06-11,2026-06-11
Switzerland,SUI,UEFA,GROUP B,final,May 19,Murat Yakin,,Granit Xhaka,granit xhaka,MF,Sunderland,,,False,2026-06-11,2026-06-11
Switzerland,SUI,UEFA,GROUP B,final,May 19,Murat Yakin,,Johan Manzambi,johan manzambi,MF,Freiburg,,,False,2026-06-11,2026-06-11
Switzerland,SUI,UEFA,GROUP B,final,May 19,Murat Yakin,,Rubén Vargas,ruben vargas,MF,Sevilla,,,False,2026-06-11,2026-06-11
Switzerland,SUI,UEFA,GROUP B,final,May 19,Murat Yakin,202099,Breel Embolo,breel embolo,FW,Rennes,,,False,2026-06-11,2026-06-11
Switzerland,SUI,UEFA,GROUP B,final,May 19,Murat Yakin,270641,Noah Okafor,noah okafor,FW,Leeds,,,False,2026-06-11,2026-06-11
Switzerland,SUI,UEFA,GROUP B,final,May 19,Murat Yakin,275842,Dan Ndoye,dan ndoye,FW,Nottingham Forest,,,False,2026-06-11,2026-06-11
Switzerland,SUI,UEFA,GROUP B,final,May 19,Murat Yakin,,Cedric Itten,cedric itten,FW,Fortuna Dusseldorf,,,False,2026-06-11,2026-06-11
Switzerland,SUI,UEFA,GROUP B,final,May 19,Murat Yakin,,Zeki Amdouni,zeki amdouni,FW,Burnley,,,False,2026-06-11,2026-06-11
Sweden,SWE,UEFA,GROUP F,final,May 12,Graham Potter,133993,Kristoffer Nordfeldt,kristoffer nordfeldt,GK,AIK,,,False,2026-06-11,2026-06-11
Sweden,SWE,UEFA,GROUP F,final,May 12,Graham Potter,258902,Viktor Johansson,viktor johansson,GK,Stoke City,,,False,2026-06-11,2026-06-11
Sweden,SWE,UEFA,GROUP F,final,May 12,Graham Potter,,Jacob Widell Zetterstrom,jacob widell zetterstrom,GK,Derby County,,,False,2026-06-11,2026-06-11
Sweden,SWE,UEFA,GROUP F,final,May 12,Graham Potter,195790,Carl Starfelt,carl starfelt,DF,Celta Vigo,,,False,2026-06-11,2026-06-11
Sweden,SWE,UEFA,GROUP F,final,May 12,Graham Potter,204679,Victor Lindelöf,victor lindelof,DF,Aston Villa,,,False,2026-06-11,2026-06-11
Sweden,SWE,UEFA,GROUP F,final,May 12,Graham Potter,250166,Gabriel Gudmundsson,gabriel gudmundsson,DF,Leeds United,,,False,2026-06-11,2026-06-11
Sweden,SWE,UEFA,GROUP F,final,May 12,Graham Potter,286814,Emil Holm,emil holm,DF,Juventus,,,False,2026-06-11,2026-06-11
Sweden,SWE,UEFA,GROUP F,final,May 12,Graham Potter,290413,Hjalmar Ekdal,hjalmar ekdal,DF,Burnley,,,False,2026-06-11,2026-06-11
Sweden,SWE,UEFA,GROUP F,final,May 12,Graham Potter,310709,Daniel Svensson,daniel svensson,DF,Borussia Dortmund,,,False,2026-06-11,2026-06-11
Sweden,SWE,UEFA,GROUP F,final,May 12,Graham Potter,312862,Isak Hien,isak hien,DF,Atalanta,,,False,2026-06-11,2026-06-11
Sweden,SWE,UEFA,GROUP F,final,May 12,Graham Potter,324930,Gustaf Lagerbielke,gustaf lagerbielke,DF,Braga,,,False,2026-06-11,2026-06-11
Sweden,SWE,UEFA,GROUP F,final,May 12,Graham Potter,,Elliot Stroud,elliot stroud,DF,Mjallby,,,False,2026-06-11,2026-06-11
Sweden,SWE,UEFA,GROUP F,final,May 12,Graham Potter,,Erik Smith,erik smith,DF,St. Pauli,,,False,2026-06-11,2026-06-11
Sweden,SWE,UEFA,GROUP F,final,May 12,Graham Potter,186004,Ken Sema,ken sema,MF,Pafos,,,False,2026-06-11,2026-06-11
Sweden,SWE,UEFA,GROUP F,final,May 12,Graham Potter,220120,Mattias Svanberg,mattias svanberg,MF,Wolfsburg,,,False,2026-06-11,2026-06-11
Sweden,SWE,UEFA,GROUP F,final,May 12,Graham Potter,237055,Jesper Karlström,jesper karlstrom,MF,Udinese,,,False,2026-06-11,2026-06-11
Sweden,SWE,UEFA,GROUP F,final,May 12,Graham Potter,304242,Yasin Ayari,yasin ayari,MF,Brighton,,,False,2026-06-11,2026-06-11
Sweden,SWE,UEFA,GROUP F,final,May 12,Graham Potter,334024,Besfort Zeneli,besfort zeneli,MF,Union St-Gilloise,,,False,2026-06-11,2026-06-11
Sweden,SWE,UEFA,GROUP F,final,May 12,Graham Potter,356379,Lucas Bergvall,lucas bergvall,MF,Tottenham,,,False,2026-06-11,2026-06-11
Sweden,SWE,UEFA,GROUP F,final,May 12,Graham Potter,,Taha Ali,taha ali,MF,Malmo,,,False,2026-06-11,2026-06-11
Sweden,SWE,UEFA,GROUP F,final,May 12,Graham Potter,235662,Alexander Isak,alexander isak,FW,Liverpool,,,False,2026-06-11,2026-06-11
Sweden,SWE,UEFA,GROUP F,final,May 12,Graham Potter,238183,Gustaf Nilsson,gustaf nilsson,FW,Club Brugge,,,False,2026-06-11,2026-06-11
Sweden,SWE,UEFA,GROUP F,final,May 12,Graham Potter,258906,Viktor Gyökeres,viktor gyokeres,FW,Arsenal,,,False,2026-06-11,2026-06-11
Sweden,SWE,UEFA,GROUP F,final,May 12,Graham Potter,296622,Anthony Elanga,anthony elanga,FW,Newcastle United,,,False,2026-06-11,2026-06-11
Sweden,SWE,UEFA,GROUP F,final,May 12,Graham Potter,,Alexander Bernhardsson,alexander bernhardsson,FW,Holstein Kiel,,,False,2026-06-11,2026-06-11
Sweden,SWE,UEFA,GROUP F,final,May 12,Graham Potter,,Benjamin Nygren,benjamin nygren,FW,Celtic,,,False,2026-06-11,2026-06-11
Tunisia,TUN,CAF,GROUP F,final,May 15,Sabri Lamouchi,265272,Aymen Dahmen,aymen dahmen,GK,CS Sfaxien,,,False,2026-06-11,2026-06-11
Tunisia,TUN,CAF,GROUP F,final,May 15,Sabri Lamouchi,420888,Abdelmouhib Chamakh,abdelmouhib chamakh,GK,Club Africain,,,False,2026-06-11,2026-06-11
Tunisia,TUN,CAF,GROUP F,final,May 15,Sabri Lamouchi,,Sabri Ben Hessen,sabri ben hessen,GK,Étoile du Sahel,,,False,2026-06-11,2026-06-11
Tunisia,TUN,CAF,GROUP F,final,May 15,Sabri Lamouchi,240371,Dylan Bronn,dylan bronn,DF,Servette,,,False,2026-06-11,2026-06-11
Tunisia,TUN,CAF,GROUP F,final,May 15,Sabri Lamouchi,240588,Yan Valery,yan valery,DF,Young Boys,,,False,2026-06-11,2026-06-11
Tunisia,TUN,CAF,GROUP F,final,May 15,Sabri Lamouchi,265099,Montassar Talbi,montassar talbi,DF,Lorient,,,False,2026-06-11,2026-06-11
Tunisia,TUN,CAF,GROUP F,final,May 15,Sabri Lamouchi,265234,Ali Abdi,ali abdi,DF,Nice,,,False,2026-06-11,2026-06-11
Tunisia,TUN,CAF,GROUP F,final,May 15,Sabri Lamouchi,296982,Mohamed Amine Ben Hamida,mohamed amine ben hamida,DF,Espérance de Tunis,,,False,2026-06-11,2026-06-11
Tunisia,TUN,CAF,GROUP F,final,May 15,Sabri Lamouchi,303848,Omar Rekik,omar rekik,DF,Maribor,,,False,2026-06-11,2026-06-11
Tunisia,TUN,CAF,GROUP F,final,May 15,Sabri Lamouchi,345975,Moutaz Neffati,moutaz neffati,DF,IFK Norrköping,,,False,2026-06-11,2026-06-11
Tunisia,TUN,CAF,GROUP F,final,May 15,Sabri Lamouchi,410358,Adam Arous,adam arous,DF,Kasımpaşa,,,False,2026-06-11,2026-06-11
Tunisia,TUN,CAF,GROUP F,final,May 15,Sabri Lamouchi,420890,Raed Chikhaoui,raed chikhaoui,DF,US Monastir,,,False,2026-06-11,2026-06-11
Tunisia,TUN,CAF,GROUP F,final,May 15,Sabri Lamouchi,159152,Rani Khedira,rani khedira,MF,Union Berlin,,,False,2026-06-11,2026-06-11
Tunisia,TUN,CAF,GROUP F,final,May 15,Sabri Lamouchi,209595,Ellyes Skhiri,ellyes skhiri,MF,Eintracht Frankfurt,,,False,2026-06-11,2026-06-11
Tunisia,TUN,CAF,GROUP F,final,May 15,Sabri Lamouchi,273170,Mortadha Ben Ouanes,mortadha ben ouanes,MF,Kasımpaşa,,,False,2026-06-11,2026-06-11
Tunisia,TUN,CAF,GROUP F,final,May 15,Sabri Lamouchi,300007,Hannibal Mejbri,hannibal mejbri,MF,Burnley,,,False,2026-06-11,2026-06-11
Tunisia,TUN,CAF,GROUP F,final,May 15,Sabri Lamouchi,302944,Anis Ben Slimane,anis ben slimane,MF,Norwich City,,,False,2026-06-11,2026-06-11
Tunisia,TUN,CAF,GROUP F,final,May 15,Sabri Lamouchi,,Hadj Mahmoud,hadj mahmoud,MF,Lugano,,,False,2026-06-11,2026-06-11
Tunisia,TUN,CAF,GROUP F,final,May 15,Sabri Lamouchi,265207,Firas Chaouat,firas chaouat,FW,Club Africain,,,False,2026-06-11,2026-06-11
Tunisia,TUN,CAF,GROUP F,final,May 15,Sabri Lamouchi,303702,Sebastian Tounekti,sebastian tounekti,FW,Celtic,,,False,2026-06-11,2026-06-11
Tunisia,TUN,CAF,GROUP F,final,May 15,Sabri Lamouchi,317473,Ismaël Gharbi,ismael gharbi,FW,Augsburg,,,False,2026-06-11,2026-06-11
Tunisia,TUN,CAF,GROUP F,final,May 15,Sabri Lamouchi,323950,Elias Saad,elias saad,FW,Hannover 96,,,False,2026-06-11,2026-06-11
Tunisia,TUN,CAF,GROUP F,final,May 15,Sabri Lamouchi,324510,Elias Achouri,elias achouri,FW,Copenhagen,,,False,2026-06-11,2026-06-11
Tunisia,TUN,CAF,GROUP F,final,May 15,Sabri Lamouchi,396085,Hazem Mastouri,hazem mastouri,FW,Dynamo Makhachkala,,,False,2026-06-11,2026-06-11
Tunisia,TUN,CAF,GROUP F,final,May 15,Sabri Lamouchi,404769,Khalil Ayari,khalil ayari,FW,Paris Saint-Germain,,,False,2026-06-11,2026-06-11
Tunisia,TUN,CAF,GROUP F,final,May 15,Sabri Lamouchi,405591,Rayan Elloumi,rayan elloumi,FW,Vancouver Whitecaps,,,False,2026-06-11,2026-06-11
Türkiye,TUR,UEFA,GROUP D,,,Vincenzo Montella,,Altay Bayindir,altay bayindir,GK,Man United,,,False,2026-06-11,2026-06-11
Türkiye,TUR,UEFA,GROUP D,,,Vincenzo Montella,,Mert Gunok,mert gunok,GK,Fenerbahce,,,False,2026-06-11,2026-06-11
Türkiye,TUR,UEFA,GROUP D,,,Vincenzo Montella,,Ugurcan Cakir,ugurcan cakir,GK,Galatasaray,,,False,2026-06-11,2026-06-11
Türkiye,TUR,UEFA,GROUP D,,,Vincenzo Montella,,Abdulkerim Bardakci,abdulkerim bardakci,DF,Galatasaray,,,False,2026-06-11,2026-06-11
Türkiye,TUR,UEFA,GROUP D,,,Vincenzo Montella,,Caglar Soyuncu,caglar soyuncu,DF,Fenerbahce,,,False,2026-06-11,2026-06-11
Türkiye,TUR,UEFA,GROUP D,,,Vincenzo Montella,,Eren Elmali,eren elmali,DF,Galatasaray,,,False,2026-06-11,2026-06-11
Türkiye,TUR,UEFA,GROUP D,,,Vincenzo Montella,,Ferdi Kadioglu,ferdi kadioglu,DF,Brighton & Hove Albion,,,False,2026-06-11,2026-06-11
Türkiye,TUR,UEFA,GROUP D,,,Vincenzo Montella,,Merih Demiral,merih demiral,DF,Al-Ahli,,,False,2026-06-11,2026-06-11
Türkiye,TUR,UEFA,GROUP D,,,Vincenzo Montella,,Mert Muldur,mert muldur,DF,Fenerbahce,,,False,2026-06-11,2026-06-11
Türkiye,TUR,UEFA,GROUP D,,,Vincenzo Montella,,Ozan Kabak,ozan kabak,DF,TSG Hoffenheim,,,False,2026-06-11,2026-06-11
Türkiye,TUR,UEFA,GROUP D,,,Vincenzo Montella,,Samet Akaydin,samet akaydin,DF,Caykur Rizesport,,,False,2026-06-11,2026-06-11
Türkiye,TUR,UEFA,GROUP D,,,Vincenzo Montella,,Zeki Celik,zeki celik,DF,AS Roma,,,False,2026-06-11,2026-06-11
Türkiye,TUR,UEFA,GROUP D,,,Vincenzo Montella,,(Galatasaray),galatasaray,MF,,,,False,2026-06-11,2026-06-11
Türkiye,TUR,UEFA,GROUP D,,,Vincenzo Montella,,Hakan Calhanoglou,hakan calhanoglou,MF,"Inter Milan, Kaan Ayhan",,,False,2026-06-11,2026-06-11
Türkiye,TUR,UEFA,GROUP D,,,Vincenzo Montella,,Ismail Yuksek,ismail yuksek,MF,Fenerbahce,,,False,2026-06-11,2026-06-11
Türkiye,TUR,UEFA,GROUP D,,,Vincenzo Montella,,Orkun Kokcu,orkun kokcu,MF,Besiktas,,,False,2026-06-11,2026-06-11
Türkiye,TUR,UEFA,GROUP D,,,Vincenzo Montella,,Salih Ozcan,salih ozcan,MF,Borussia Dortmund,,,False,2026-06-11,2026-06-11
Türkiye,TUR,UEFA,GROUP D,,,Vincenzo Montella,,Arda Guler,arda guler,FW,Real Madrid,,,False,2026-06-11,2026-06-11
Türkiye,TUR,UEFA,GROUP D,,,Vincenzo Montella,,Baris Apler Yilmaz,baris apler yilmaz,FW,Galatasaray,,,False,2026-06-11,2026-06-11
Türkiye,TUR,UEFA,GROUP D,,,Vincenzo Montella,,Can Uzun,can uzun,FW,Eintracht Frankfurt,,,False,2026-06-11,2026-06-11
Türkiye,TUR,UEFA,GROUP D,,,Vincenzo Montella,,Deniz Gul,deniz gul,FW,Porto,,,False,2026-06-11,2026-06-11
Türkiye,TUR,UEFA,GROUP D,,,Vincenzo Montella,,Irfan Can Kahveci,irfan can kahveci,FW,Kasimpasa,,,False,2026-06-11,2026-06-11
Türkiye,TUR,UEFA,GROUP D,,,Vincenzo Montella,,Kenan Yildiz,kenan yildiz,FW,Juventus,,,False,2026-06-11,2026-06-11
Türkiye,TUR,UEFA,GROUP D,,,Vincenzo Montella,,Kerem Akturkoglu,kerem akturkoglu,FW,Fenerbahce,,,False,2026-06-11,2026-06-11
Türkiye,TUR,UEFA,GROUP D,,,Vincenzo Montella,,Oguz Aydin,oguz aydin,FW,Fenerbahce,,,False,2026-06-11,2026-06-11
Türkiye,TUR,UEFA,GROUP D,,,Vincenzo Montella,,Yunus Akgun,yunus akgun,FW,Galatasaray,,,False,2026-06-11,2026-06-11
Uruguay,URU,CONMEBOL,GROUP H,final,May 31,Marcelo Bielsa,,Fernando Muslera,fernando muslera,GK,Estudiantes de La Plata,,,False,2026-06-11,2026-06-11
Uruguay,URU,CONMEBOL,GROUP H,final,May 31,Marcelo Bielsa,,Santiago Mele,santiago mele,GK,Monterrey,,,False,2026-06-11,2026-06-11
Uruguay,URU,CONMEBOL,GROUP H,final,May 31,Marcelo Bielsa,,Sergio Rochet,sergio rochet,GK,Internacional de Porto Alegre,,,False,2026-06-11,2026-06-11
Uruguay,URU,CONMEBOL,GROUP H,final,May 31,Marcelo Bielsa,,Guillermo Varela,guillermo varela,DF,Flamengo,,,False,2026-06-11,2026-06-11
Uruguay,URU,CONMEBOL,GROUP H,final,May 31,Marcelo Bielsa,,Joaquín Piquerez,joaquin piquerez,DF,Palmeiras,,,False,2026-06-11,2026-06-11
Uruguay,URU,CONMEBOL,GROUP H,final,May 31,Marcelo Bielsa,,José María Giménez,jose maria gimenez,DF,Atlético Madrid,,,False,2026-06-11,2026-06-11
Uruguay,URU,CONMEBOL,GROUP H,final,May 31,Marcelo Bielsa,,Juan Manuel Sanabria,juan manuel sanabria,DF,Real Salt Lake,,,False,2026-06-11,2026-06-11
Uruguay,URU,CONMEBOL,GROUP H,final,May 31,Marcelo Bielsa,,Mathías Olivera,mathias olivera,DF,Napoli,,,False,2026-06-11,2026-06-11
Uruguay,URU,CONMEBOL,GROUP H,final,May 31,Marcelo Bielsa,,Matías Viña,matias vina,DF,River Plate,,,False,2026-06-11,2026-06-11
Uruguay,URU,CONMEBOL,GROUP H,final,May 31,Marcelo Bielsa,,Ronald Araújo,ronald araujo,DF,Barcelona,,,False,2026-06-11,2026-06-11
Uruguay,URU,CONMEBOL,GROUP H,final,May 31,Marcelo Bielsa,,Santiago Bueno,santiago bueno,DF,Wolverhampton Wanderers,,,False,2026-06-11,2026-06-11
Uruguay,URU,CONMEBOL,GROUP H,final,May 31,Marcelo Bielsa,,Sebastián Cáceres,sebastian caceres,DF,América,,,False,2026-06-11,2026-06-11
Uruguay,URU,CONMEBOL,GROUP H,final,May 31,Marcelo Bielsa,,Agustín Canobbio,agustin canobbio,MF,Fluminense,,,False,2026-06-11,2026-06-11
Uruguay,URU,CONMEBOL,GROUP H,final,May 31,Marcelo Bielsa,,Brian Rodríguez,brian rodriguez,MF,América,,,False,2026-06-11,2026-06-11
Uruguay,URU,CONMEBOL,GROUP H,final,May 31,Marcelo Bielsa,,Emiliano Martínez,emiliano martinez,MF,Palmeiras,,,False,2026-06-11,2026-06-11
Uruguay,URU,CONMEBOL,GROUP H,final,May 31,Marcelo Bielsa,,Facundo Pellistri,facundo pellistri,MF,Panathinaikos,,,False,2026-06-11,2026-06-11
Uruguay,URU,CONMEBOL,GROUP H,final,May 31,Marcelo Bielsa,,Federico Valverde,federico valverde,MF,Real Madrid,,,False,2026-06-11,2026-06-11
Uruguay,URU,CONMEBOL,GROUP H,final,May 31,Marcelo Bielsa,,Giorgian De Arrascaeta,giorgian de arrascaeta,MF,Flamengo,,,False,2026-06-11,2026-06-11
Uruguay,URU,CONMEBOL,GROUP H,final,May 31,Marcelo Bielsa,,Manuel Ugarte,manuel ugarte,MF,Manchester United,,,False,2026-06-11,2026-06-11
Uruguay,URU,CONMEBOL,GROUP H,final,May 31,Marcelo Bielsa,,Maximiliano Araújo,maximiliano araujo,MF,Sporting CP,,,False,2026-06-11,2026-06-11
Uruguay,URU,CONMEBOL,GROUP H,final,May 31,Marcelo Bielsa,,Nicolás De La Cruz,nicolas de la cruz,MF,Flamengo,,,False,2026-06-11,2026-06-11
Uruguay,URU,CONMEBOL,GROUP H,final,May 31,Marcelo Bielsa,,Rodrigo Bentancur,rodrigo bentancur,MF,Tottenham Hotspur,,,False,2026-06-11,2026-06-11
Uruguay,URU,CONMEBOL,GROUP H,final,May 31,Marcelo Bielsa,,Rodrigo Zalazar,rodrigo zalazar,MF,Sporting CP,,,False,2026-06-11,2026-06-11
Uruguay,URU,CONMEBOL,GROUP H,final,May 31,Marcelo Bielsa,,Darwin Núñez,darwin nunez,FW,Al Hilal,,,False,2026-06-11,2026-06-11
Uruguay,URU,CONMEBOL,GROUP H,final,May 31,Marcelo Bielsa,,Federico Viñas,federico vinas,FW,Real Oviedo,,,False,2026-06-11,2026-06-11
Uruguay,URU,CONMEBOL,GROUP H,final,May 31,Marcelo Bielsa,,Rodrigo Aguirre,rodrigo aguirre,FW,Tigres,,,False,2026-06-11,2026-06-11
United States,USA,CONCACAF,GROUP D,final,May 26,Mauricio Pochettino,252974,Matt Freese,matt freese,GK,New York City FC,,,False,2026-06-11,2026-06-11
United States,USA,CONCACAF,GROUP D,final,May 26,Mauricio Pochettino,303693,Chris Brady,chris brady,GK,Chicago Fire,,,False,2026-06-11,2026-06-11
United States,USA,CONCACAF,GROUP D,final,May 26,Mauricio Pochettino,303794,Matt Turner,matt turner,GK,New England Revolution,,,False,2026-06-11,2026-06-11
United States,USA,CONCACAF,GROUP D,final,May 26,Mauricio Pochettino,146290,Tim Ream,tim ream,DF,Charlotte FC,,,False,2026-06-11,2026-06-11
United States,USA,CONCACAF,GROUP D,final,May 26,Mauricio Pochettino,222396,Antonee Robinson,antonee robinson,DF,Fulham,,,False,2026-06-11,2026-06-11
United States,USA,CONCACAF,GROUP D,final,May 26,Mauricio Pochettino,228619,Auston Trusty,auston trusty,DF,Celtic,,,False,2026-06-11,2026-06-11
United States,USA,CONCACAF,GROUP D,final,May 26,Mauricio Pochettino,248276,Alex Freeman,alex freeman,DF,Villarreal,,,False,2026-06-11,2026-06-11
United States,USA,CONCACAF,GROUP D,final,May 26,Mauricio Pochettino,249768,Miles Robinson,miles robinson,DF,FC Cincinnati,,,False,2026-06-11,2026-06-11
United States,USA,CONCACAF,GROUP D,final,May 26,Mauricio Pochettino,266291,Sergiño Dest,sergino dest,DF,PSV Eindhoven,,,False,2026-06-11,2026-06-11
United States,USA,CONCACAF,GROUP D,final,May 26,Mauricio Pochettino,272135,Joe Scally,joe scally,DF,Borussia Mönchengladbach,,,False,2026-06-11,2026-06-11
United States,USA,CONCACAF,GROUP D,final,May 26,Mauricio Pochettino,272585,Chris Richards,chris richards,DF,Crystal Palace,,,False,2026-06-11,2026-06-11
United States,USA,CONCACAF,GROUP D,final,May 26,Mauricio Pochettino,359542,Max Arfsten,max arfsten,DF,Columbus Crew,,,False,2026-06-11,2026-06-11
United States,USA,CONCACAF,GROUP D,final,May 26,Mauricio Pochettino,77072,Mark McKenzie,mark mckenzie,DF,Toulouse,,,False,2026-06-11,2026-06-11
United States,USA,CONCACAF,GROUP D,final,May 26,Mauricio Pochettino,212824,Alejandro Zendejas,alejandro zendejas,MF,Club América,,,False,2026-06-11,2026-06-11
United States,USA,CONCACAF,GROUP D,final,May 26,Mauricio Pochettino,216617,Cristian Roldan,cristian roldan,MF,Seattle Sounders,,,False,2026-06-11,2026-06-11
United States,USA,CONCACAF,GROUP D,final,May 26,Mauricio Pochettino,222776,Tyler Adams,tyler adams,MF,"AFC Bournemouth , Sebastian Berhalter",,,False,2026-06-11,2026-06-11
United States,USA,CONCACAF,GROUP D,final,May 26,Mauricio Pochettino,256715,Weston McKennie,weston mckennie,MF,Juventus,,,False,2026-06-11,2026-06-11
United States,USA,CONCACAF,GROUP D,final,May 26,Mauricio Pochettino,259653,Brenden Aaronson,brenden aaronson,MF,Leeds United,,,False,2026-06-11,2026-06-11
United States,USA,CONCACAF,GROUP D,final,May 26,Mauricio Pochettino,266027,Tim Weah,tim weah,MF,Marseille,,,False,2026-06-11,2026-06-11
United States,USA,CONCACAF,GROUP D,final,May 26,Mauricio Pochettino,301416,Malik Tillman,malik tillman,MF,Bayer Leverkusen,,,False,2026-06-11,2026-06-11
United States,USA,CONCACAF,GROUP D,final,May 26,Mauricio Pochettino,,( Vancouver Whitecaps ),vancouver whitecaps,MF,,,,False,2026-06-11,2026-06-11
United States,USA,CONCACAF,GROUP D,final,May 26,Mauricio Pochettino,220474,Haji Wright,haji wright,FW,Coventry City,,,False,2026-06-11,2026-06-11
United States,USA,CONCACAF,GROUP D,final,May 26,Mauricio Pochettino,225607,Christian Pulisic,christian pulisic,FW,AC Milan,,,False,2026-06-11,2026-06-11
United States,USA,CONCACAF,GROUP D,final,May 26,Mauricio Pochettino,282643,Folarin Balogun,folarin balogun,FW,AS Monaco,,,False,2026-06-11,2026-06-11
United States,USA,CONCACAF,GROUP D,final,May 26,Mauricio Pochettino,289120,Ricardo Pepi,ricardo pepi,FW,PSV Eindhoven,,,False,2026-06-11,2026-06-11
United States,USA,CONCACAF,GROUP D,final,May 26,Mauricio Pochettino,290230,Gio Reyna,gio reyna,FW,Borussia Mönchengladbach,,,False,2026-06-11,2026-06-11
Uzbekistan,UZB,AFC,GROUP K,,,Fabio Cannavaro,219561,Botirali Ergashev,botirali ergashev,GK,AGMK,,,False,2026-06-11,2026-06-11
Uzbekistan,UZB,AFC,GROUP K,,,Fabio Cannavaro,282145,Utkir Yusupov,utkir yusupov,GK,Navbahor,,,False,2026-06-11,2026-06-11
Uzbekistan,UZB,AFC,GROUP K,,,Fabio Cannavaro,,Abduvokhid Nematov,abduvokhid nematov,GK,Nasaf,,,False,2026-06-11,2026-06-11
Uzbekistan,UZB,AFC,GROUP K,,,Fabio Cannavaro,195282,Rustamjon Ashurmatov,rustamjon ashurmatov,DF,Esteghlal,,,False,2026-06-11,2026-06-11
Uzbekistan,UZB,AFC,GROUP K,,,Fabio Cannavaro,211537,Farrukh Sayfiev,farrukh sayfiev,DF,Neftchi,,,False,2026-06-11,2026-06-11
Uzbekistan,UZB,AFC,GROUP K,,,Fabio Cannavaro,270463,Umarbek Eshmurodov,umarbek eshmurodov,DF,Nasaf,,,False,2026-06-11,2026-06-11
Uzbekistan,UZB,AFC,GROUP K,,,Fabio Cannavaro,274005,Khojiakbar Alijonov,khojiakbar alijonov,DF,Pakhtakor,,,False,2026-06-11,2026-06-11
Uzbekistan,UZB,AFC,GROUP K,,,Fabio Cannavaro,321728,Sherzod Nasrullaev,sherzod nasrullaev,DF,Nasaf,,,False,2026-06-11,2026-06-11
Uzbekistan,UZB,AFC,GROUP K,,,Fabio Cannavaro,326928,Abdulla Abdullaev,abdulla abdullaev,DF,Dibba Al Fujairah,,,False,2026-06-11,2026-06-11
Uzbekistan,UZB,AFC,GROUP K,,,Fabio Cannavaro,362211,Abdukodir Khusanov,abdukodir khusanov,DF,Manchester City,,,False,2026-06-11,2026-06-11
Uzbekistan,UZB,AFC,GROUP K,,,Fabio Cannavaro,,Avazbek Ulmasaliev,avazbek ulmasaliev,DF,AGMK,,,False,2026-06-11,2026-06-11
Uzbekistan,UZB,AFC,GROUP K,,,Fabio Cannavaro,,Behruz Karimov,behruz karimov,DF,Surkhon,,,False,2026-06-11,2026-06-11
Uzbekistan,UZB,AFC,GROUP K,,,Fabio Cannavaro,,Jakhongir Urozov,jakhongir urozov,DF,Dinamo Samarqand,,,False,2026-06-11,2026-06-11
Uzbekistan,UZB,AFC,GROUP K,,,Fabio Cannavaro,185631,Jamshid Iskanderov,jamshid iskanderov,MF,Neftchi,,,False,2026-06-11,2026-06-11
Uzbekistan,UZB,AFC,GROUP K,,,Fabio Cannavaro,195281,Otabek Shukurov,otabek shukurov,MF,Baniyas,,,False,2026-06-11,2026-06-11
Uzbekistan,UZB,AFC,GROUP K,,,Fabio Cannavaro,,Abbosek Fayzullaev,abbosek fayzullaev,MF,Istanbul Basaksehir,,,False,2026-06-11,2026-06-11
Uzbekistan,UZB,AFC,GROUP K,,,Fabio Cannavaro,,Akmal Mozgovoy,akmal mozgovoy,MF,Pakhtakor,,,False,2026-06-11,2026-06-11
Uzbekistan,UZB,AFC,GROUP K,,,Fabio Cannavaro,,Azizjon Ganiev,azizjon ganiev,MF,Al Bataeh,,,False,2026-06-11,2026-06-11
Uzbekistan,UZB,AFC,GROUP K,,,Fabio Cannavaro,,Dostonbek Khamdamov,dostonbek khamdamov,MF,Pakhtakor,,,False,2026-06-11,2026-06-11
Uzbekistan,UZB,AFC,GROUP K,,,Fabio Cannavaro,,Jaloliddin Masharipov,jaloliddin masharipov,MF,Esteghlal,,,False,2026-06-11,2026-06-11
Uzbekistan,UZB,AFC,GROUP K,,,Fabio Cannavaro,,Oston Urunov,oston urunov,MF,Persepolis,,,False,2026-06-11,2026-06-11
Uzbekistan,UZB,AFC,GROUP K,,,Fabio Cannavaro,,Sherzod Esanov,sherzod esanov,MF,Buxoro,,,False,2026-06-11,2026-06-11
Uzbekistan,UZB,AFC,GROUP K,,,Fabio Cannavaro,,Umarali Rakhmonaliev,umarali rakhmonaliev,MF,Sabah,,,False,2026-06-11,2026-06-11
Uzbekistan,UZB,AFC,GROUP K,,,Fabio Cannavaro,156663,Igor Sergeev,igor sergeev,FW,Persepolis,,,False,2026-06-11,2026-06-11
Uzbekistan,UZB,AFC,GROUP K,,,Fabio Cannavaro,253231,Azizbek Amonov,azizbek amonov,FW,Buxoro,,,False,2026-06-11,2026-06-11
Uzbekistan,UZB,AFC,GROUP K,,,Fabio Cannavaro,,Eldor Shomurodov,eldor shomurodov,FW,Istanbul Basaksehir,,,False,2026-06-11,2026-06-11
